user,is_private,is_failure,is_root,is_valid,not_valid_count,ip_failure,ip_success,no_failure,first,td,ts,target
9.5,1.0,1.0,0.0,0.0,12.5,12.5,0.0,13.0,0.0,4.0,-1.8539041461618306,0
21.0,1.0,1.0,0.0,0.0,9.0,10.0,9.0,9.0,0.0,1189.0,0.5348820800938829,0
15.0,1.0,1.0,0.0,0.0,1.0,3.0,0.0,10.0,0.0,423.0,0.5207251593455631,0
34.0,1.0,1.0,0.0,0.0,6.0,9.0,7.0,8.0,0.0,1542.0,0.5236994881621057,0
38.0,1.0,1.0,0.0,0.0,2.0,9.0,3.0,11.0,0.0,703.0,0.5259514324572779,0
21.0,1.0,1.0,0.0,0.5,0.0,4.5,0.0,11.0,0.0,244.0,0.5237292316838164,0
29.0,1.0,1.0,0.0,0.0,0.0,5.0,1.0,8.0,0.0,1056.0,0.5144449460218431,0
27.0,1.0,1.0,1.3877787807814457e-17,0.875,0.0,6.75,0.0,10.5,0.0,20.874999999999986,-1.1063501840875842,0
30.0,1.0,1.0,0.0,0.0,13.0,13.0,13.0,8.0,0.0,1785.0,0.5392792559487171,0
23.0,1.0,1.0,0.0,0.0,10.0,10.0,10.0,8.0,0.0,1351.0,0.5362716223977025,0
11.0,1.0,1.0,0.0,1.0,0.0,3.0,0.0,9.0,0.0,53.0,0.5239512233289019,0
34.0,1.0,1.0,0.0,1.0,0.0,5.0,1.0,11.0,0.0,6.0,0.5193316154626608,0
6.0,1.0,1.0,0.0,0.0,0.0,2.0,0.0,9.0,0.0,166.0,0.5254245072191426,0
42.0,1.0,1.0,0.0,0.0,11.0,42.0,0.0,42.0,0.0,3.0,-1.885633596892104,0
12.0,1.0,1.0,0.0,0.0,4.0,5.0,4.0,9.0,0.0,602.0,0.5294132660643128,0
22.0,1.0,1.0,0.0,0.0,9.0,10.0,9.0,8.0,0.0,1287.0,0.535685424897691,0
38.0,1.0,1.0,0.0,0.0,0.0,6.0,1.0,9.0,0.0,961.0,0.5164077909540726,0
39.0,0.0,1.0,0.0,1.0,0.0,7.0,0.0,10.0,0.0,349.0,0.5271083206956287,0
39.0,1.0,1.0,0.0,0.0,0.0,7.0,1.0,11.0,0.0,508.0,0.5222093662380449,0
9.5,1.0,1.0,0.0,1.0,0.0,2.0,0.0,11.0,0.0,72.5,0.5245416526819932,0
37.0,1.0,1.0,0.0,0.0,0.0,6.0,1.0,8.0,0.0,1139.0,0.5141329520131082,0
15.666666666666668,1.0,1.0,0.0,0.33333333333333337,0.0,4.0,1.0,7.0,0.0,20.33333333333333,0.5132010858099025,0
27.5,1.0,1.0,1.3877787807814457e-17,0.0,9.166666666666668,9.333333333333334,0.0,9.333333333333334,0.0,3.0,-1.8084966408483178,0
36.0,1.0,1.0,0.0,0.0,2.0,7.0,3.0,8.0,0.0,1411.0,0.51527766242984,0
20.0,1.0,1.0,0.0,1.0,0.0,3.0,0.0,13.0,0.0,78.0,0.5245455589567848,0
27.0,1.0,1.0,0.0,0.0,0.0,6.0,0.0,12.0,0.0,300.0,0.5234663077164322,0
5.0,1.0,1.0,1.0,1.0,0.0,31.0,0.0,31.0,0.0,3.0,-1.88563650954484,0
26.0,1.0,1.0,0.0,0.0,23.0,23.0,0.0,23.0,0.0,3.0,-1.8856385900110797,0
6.0,1.0,1.0,0.0,0.0,0.0,2.0,0.0,9.0,0.0,114.0,0.5240841887288259,0
17.75,1.0,1.0,1.3877787807814457e-17,0.0,4.0,11.875,1.25,7.000000000000001,0.0,13.874999999999986,0.5122989857997248,0
8.000000000000004,1.0,1.0,0.0,0.0,7.666666666666666,8.333333333333334,1.1102230246251565e-16,13.0,0.0,6.0,-0.8193988125483974,0
40.0,1.0,1.0,0.0,1.0,0.0,8.0,1.0,12.0,0.0,463.0,0.5227871051640607,0
14.0,1.0,1.0,0.0,0.0,0.0,4.0,0.0,12.0,0.0,35.0,-0.2827107002212962,0
36.71428571428571,1.1102230246251565e-16,1.0,0.4285714285714286,0.9999999999999999,0.0,8.571428571428571,0.0,13.714285714285714,0.0,13.142857142857153,0.5057965929151936,0
1.0,1.0,1.0,0.0,0.0,28.0,28.0,0.0,28.0,0.0,2.0,-1.8856373417313361,0
31.0,1.0,1.0,0.0,0.0,1.0,5.0,1.0,8.0,0.0,1096.0,0.5139760960412668,0
37.0,0.0,1.0,0.0,1.0,0.0,5.0,0.0,8.0,0.0,128.0,0.5354604878101548,0
14.0,1.0,1.0,0.0,0.0,1.0,3.0,0.0,10.0,0.0,376.0,0.5211876558544098,0
17.0,1.0,1.0,0.0,1.0,0.0,4.0,0.0,10.0,0.0,212.0,0.5239025742746863,0
37.0,1.0,1.0,0.0,0.0,0.0,5.0,1.0,10.0,0.0,1033.0,0.5147189504769228,0
34.0,1.0,1.0,0.0,0.0,1.0,5.0,1.0,8.0,0.0,1258.0,0.5123500710008393,0
33.0,1.0,1.0,0.0,0.0,0.0,5.0,1.0,8.0,0.0,1210.0,0.5128695860246835,0
37.0,0.0,1.0,1.0,1.0,0.0,5.0,0.0,8.0,0.0,54.0,0.5382949837348748,0
16.75,1.0,1.0,0.0,0.0,0.0,4.0,1.0,7.25,0.0,14.75,0.5123833949897951,0
31.5,1.0,1.0,0.0,1.0,0.0,4.0,0.0,16.5,0.0,84.0,0.5245496148774813,0
37.0,0.6666666666666667,1.0,0.6666666666666666,1.0,0.0,4.666666666666667,0.33333333333333337,7.333333333333334,0.0,0.3333333333333286,0.5251944601172299,0
6.5,1.0,1.0,0.0,0.0,2.0,4.0,0.0,12.75,0.0,8.5,0.4485046446355744,0
9.0,1.0,1.0,0.0,0.0,8.0,39.0,0.0,39.0,0.0,4.0,-1.88563434585995,0
9.0,1.0,1.0,0.0,0.0,0.0,2.0,0.0,9.0,0.0,269.0,0.5224969565423969,0
37.0,1.0,1.0,1.0,1.0,0.0,7.0,2.0,10.0,0.0,285.0,0.5114501453109846,0
34.0,1.0,1.0,0.0,0.0,5.0,9.0,6.0,8.0,0.0,1521.0,0.5223601732995703,0
36.5,1.0,1.0,0.0,0.0,1.0,6.0,2.0,8.0,0.0,1352.0,0.5115015619972905,0
21.0,1.0,1.0,0.0,0.0,8.0,9.0,8.0,9.0,0.0,1124.0,0.5342941178830973,0
2.0,1.0,1.0,0.0,0.0,13.0,13.0,0.0,13.0,0.0,3.0,-1.8122196176711518,0
7.0,1.0,1.0,0.0,1.0,0.0,2.0,0.0,10.0,0.0,94.0,0.5244289597738204,0
19.0,1.0,1.0,0.0,0.0,9.0,12.0,0.0,10.0,0.0,7.0,-0.9647367252219088,0
33.75,0.0,1.0,0.0,1.0,0.0,8.25,0.0,12.75,0.0,16.0,-0.41001577489737806,0
45.0,1.0,1.0,0.0,0.0,22.0,22.0,0.0,22.0,0.0,4.0,-1.8856388396670285,0
13.0,0.0,1.0,0.0,1.0,0.0,2.0,0.0,9.0,0.0,65.0,0.5280031539111975,0
30.0,1.0,1.0,0.0,0.0,6.0,11.0,1.0,7.0,0.0,5.0,-0.23733945885783936,0
39.0,0.4444444444444444,1.0,2.7755575615628914e-17,0.9999999999999999,0.0,2.4444444444444446,0.0,11.222222222222221,0.0,8.111111111111114,0.5303917798962829,0
23.5,1.0,1.0,0.0,1.0,0.0,6.0,0.5,9.0,0.0,18.0,-0.714537684664225,0
35.0,1.0,1.0,0.0,0.0,1.0,5.0,1.0,8.0,0.0,1297.0,0.5119651074736528,0
12.5,1.0,1.0,0.0,0.0,2.5,7.5,0.5,9.0,0.0,26.5,0.5177869630217288,0
29.75,1.0,1.0,0.0,0.0,6.0,7.0,0.0,7.0,0.0,2.5,-1.5245200602932578,0
11.0,1.0,1.0,0.0,0.0,1.0,3.0,0.0,11.0,0.0,230.0,0.5226587682658054,0
29.333333333333332,1.0,1.0,0.0,0.8333333333333333,0.0,7.0,1.1102230246251565e-16,10.666666666666666,0.0,14.333333333333329,-1.8170689958636808,0
17.0,1.0,1.0,0.0,0.0,0.0,4.0,0.0,12.0,0.0,172.0,0.5240005620661466,0
5.0,1.0,1.0,0.0,0.75,0.0,2.0,0.0,9.25,0.0,66.75,0.524159425783574,0
36.0,0.0,1.0,0.3333333333333333,1.0,0.0,8.0,1.1102230246251565e-16,12.333333333333334,0.0,23.33333333333333,0.2629001149662784,0
35.75,1.0,1.0,1.0,1.0,0.0,6.0,0.0,17.75,0.0,12.75,0.5227221841250868,0
37.0,1.0,1.0,0.0,0.0,30.0,30.0,0.0,30.0,0.0,3.0,-1.8856367592007883,0
37.0,1.0,1.0,0.0,0.0,0.0,5.0,0.0,13.0,0.0,690.0,0.5182872506630872,0
30.0,1.0,1.0,1.0,1.0,0.0,7.0,0.0,17.5,0.0,6.0,0.521877622263425,0
29.333333333333332,1.0,1.0,0.0,0.0,0.666666666666667,8.333333333333334,1.333333333333333,10.0,0.0,5.333333333333329,0.380889708185155,0
21.0,1.0,1.0,0.0,0.0,5.0,13.0,2.0,7.0,0.0,11.5,0.5116198081438829,0
13.0,1.0,1.0,0.0,0.0,1.5,32.5,0.0,32.5,0.0,3.0,-1.8856361350609165,0
13.5,1.0,1.0,0.0,0.0,0.125,4.0,0.875,8.625,0.0,12.875,0.5161694620036387,0
30.0,1.0,1.0,0.0,0.0,14.0,45.0,0.0,45.0,0.0,8.0,-1.8856319325191122,0
15.0,1.0,1.0,0.0,0.0,19.0,19.0,0.0,19.0,0.0,4.0,-1.885639755072174,0
21.166666666666668,1.0,1.0,0.0,0.0,11.166666666666666,11.333333333333334,1.1102230246251565e-16,11.166666666666666,0.0,3.0,-1.8777836826923129,0
6.0000000000000036,1.0,1.0,0.0,0.0,0.0,2.000000000000001,1.1102230246251565e-16,11.0,0.0,49.33333333333333,0.5245423901597573,0
21.0,1.0,1.0,0.0,1.0,0.0,6.0,0.0,11.0,0.0,37.0,-1.1403469579566834,0
31.0,1.0,1.0,0.0,0.0,10.0,11.0,10.0,10.0,0.0,1342.0,0.5361512424418622,0
35.2,0.0,1.0,0.8,1.0,0.0,5.6,0.0,9.0,0.0,8.399999999999991,0.5320180575033701,0
27.0,1.0,1.0,0.0,0.0,5.0,8.0,0.0,8.0,0.0,3.0,-1.1500750167610643,0
17.5,1.0,1.0,0.0,0.0,0.0,4.5,0.0,9.5,0.0,28.0,0.5233936423255625,0
20.75,1.0,1.0,0.0,0.0,1.75,8.5,1.0,7.75,0.0,17.5,0.5176816523269153,0
37.0,0.0,1.0,0.0,0.0,0.0,5.0,1.0,8.0,0.0,1042.0,0.5178114055922947,0
10.0,1.0,1.0,0.0,1.0,0.0,3.0,0.0,9.0,0.0,56.0,0.524028915751791,0
34.0,1.0,1.0,0.0,0.0,4.0,8.0,4.0,14.0,0.0,696.0,0.5301789887798767,0
29.0,0.0,1.0,0.0,1.0,0.0,4.0,0.0,8.0,0.0,57.0,0.5351446081225458,0
18.375,1.0,1.0,0.25,0.875,0.0,5.0,1.375,7.000000000000001,0.0,15.624999999999986,0.4870531889625568,0
29.0,1.0,1.0,0.0,0.0,20.0,20.0,0.0,20.0,0.0,3.0,-1.8856395054162247,0
26.5,1.0,1.0,0.0,1.0,0.0,4.0,0.0,15.0,0.0,81.5,0.5245478402347549,0
27.5,1.0,1.0,0.0,0.0,7.0,9.0,0.0,9.0,0.0,3.0,-1.2996348667167608,0
30.0,0.6666666666666667,1.0,1.3877787807814457e-17,1.0,0.0,7.5,0.0,11.666666666666666,0.0,20.16666666666667,-1.68981470590376,0
22.8,1.0,1.0,0.0,0.19999999999999998,0.0,6.199999999999999,1.0,8.0,0.0,19.599999999999994,0.5215193942398125,0
8.5,1.0,1.0,0.0,0.0,0.5,3.5,0.0,11.0,0.0,38.5,0.5236591508211678,0
33.0,1.0,1.0,0.0,0.0,4.5,6.0,0.0,7.0,0.0,1.5,-1.157134151216352,0
3.0,1.0,1.0,0.0,0.0,17.0,17.0,0.0,17.0,0.0,4.0,-1.8856405872586701,0
8.75,1.0,1.0,0.0,0.0,1.5,4.75,0.0,11.5,0.0,9.5,0.5216793703047901,0
17.0,1.0,1.0,0.0,0.0,9.0,40.0,0.0,40.0,0.0,3.0,-1.8856340962040012,0
25.0,1.0,1.0,0.0,0.0,27.0,27.0,0.0,27.0,0.0,4.0,-1.8856375081686347,0
24.75,1.0,1.0,0.0,0.0,5.0,13.0,2.0,7.0,0.0,8.5,0.5116199588001616,0
30.666666666666664,0.8333333333333334,1.0,0.5,1.0,0.0,7.0,1.1666666666666665,11.0,0.0,6.833333333333329,0.3703409243330146,0
37.0,0.0,1.0,1.0,1.0,0.0,7.333333333333333,1.1102230246251565e-16,14.333333333333332,0.0,19.33333333333333,0.5338039360029257,0
41.0,1.0,1.0,0.0,0.0,7.0,38.0,0.0,38.0,0.0,3.0,-1.885634678734549,0
37.0,0.0,1.0,0.5,1.0,0.0,6.25,0.0,9.75,0.0,0.75,0.5367447978498544,0
13.0,1.0,1.0,0.0,1.0,0.0,3.25,0.0,9.25,0.0,49.5,0.29314439745702336,0
18.0,0.0,1.0,0.0,1.0,0.0,3.0,0.0,9.0,0.0,63.0,0.5303510677018117,0
18.0,1.0,1.0,0.0,0.0,1.4,7.6,2.0,7.0,0.0,14.599999999999994,0.5114353915096826,0
38.2,0.8,1.0,0.0,1.0,0.0,2.999999999999999,0.0,8.8,0.0,3.799999999999997,0.5283746595878459,0
5.0,1.0,1.0,0.0,0.0,26.0,26.0,0.0,26.0,0.0,3.0,-1.8856378410432333,0
33.0,1.0,1.0,1.0,1.0,0.0,7.0,1.0,14.0,0.0,9.0,0.5175328601726077,0
32.333333333333336,0.0,1.0,0.0,1.0,0.0,7.333333333333333,1.1102230246251565e-16,11.666666666666666,0.0,22.66666666666667,0.03612061558100782,0
14.0,1.0,1.0,0.0,0.0,3.0,9.0,1.0,9.0,0.0,12.0,0.5160692534338525,0
6.0,1.0,1.0,0.0,0.0,4.5,6.25,0.0,13.0,0.0,7.0,-0.13933169586322688,0
43.0,1.0,1.0,0.0,0.0,12.0,43.0,0.0,43.0,0.0,9.0,-1.8856328479242572,0
38.0,0.0,1.0,0.0,1.0,0.0,6.0,0.0,13.0,0.0,10.0,0.5344650018987346,0
34.0,1.0,1.0,0.0,1.0,0.0,6.0,0.0,16.0,0.0,16.0,-0.43926187440210135,0
9.5,1.0,1.0,0.0,0.0,0.5,4.0,0.0,10.0,0.0,34.0,0.5210532199864772,0
5.0,1.0,1.0,0.0,0.5,0.0,2.0,0.0,10.0,0.0,69.5,0.5245398853505971,0
6.0,1.0,1.0,0.0,0.0,0.0,2.0,0.0,11.0,0.0,55.0,0.524541617803311,0
26.0,1.0,1.0,0.0,1.0,0.0,6.166666666666667,1.1102230246251565e-16,9.666666666666666,0.0,17.5,-0.9889689827676568,0
38.0,1.0,1.0,0.0,0.0,0.0,6.0,1.0,9.0,0.0,1028.0,0.5155575065172858,0
37.0,1.1102230246251565e-16,1.0,1.0,1.0,0.0,6.5,0.0,10.0,0.0,10.5,0.5382967347250823,0
33.0,0.0,1.0,0.0,0.0,2.0,10.0,0.0,9.0,0.0,3.0,0.5251235371226879,0
29.4,1.0,1.0,0.0,0.0,5.800000000000001,13.0,1.4,8.0,0.0,5.3999999999999915,0.19767661552630983,0
7.0,1.0,1.0,0.0,1.0,0.0,2.0,0.0,9.0,0.0,59.0,0.521970416880186,0
13.0,1.0,1.0,0.0,0.0,16.0,16.0,0.0,16.0,0.0,3.0,-1.8856409201332682,0
20.25,1.0,1.0,0.0,1.0,0.0,5.0,1.0,7.25,0.0,18.0,0.5164801477459675,0
28.0,1.0,1.0,0.0,0.0,3.0,8.0,1.0,9.0,0.0,4.0,-0.48103623622931524,0
37.0,1.0,1.0,1.0,1.0,0.0,5.0,0.0,18.0,0.0,87.0,0.5245513405354902,0
9.000000000000002,1.0,1.0,0.0,0.0,10.0,10.333333333333332,1.1102230246251565e-16,13.0,0.0,4.666666666666671,-1.3391053066452403,0
28.0,1.0,1.0,1.3877787807814457e-17,0.0,6.571428571428572,10.428571428571427,0.4285714285714286,8.0,0.0,4.0,-0.6975069721652671,0
8.0,1.0,1.0,0.0,1.0,0.0,2.0,0.0,10.0,0.0,63.0,0.1838435730235115,0
33.5,0.0,1.0,0.0,1.0,0.0,6.0,0.0,9.5,0.0,11.5,-0.5690037868089333,0
20.5,1.0,1.0,0.0,0.0,3.0,10.5,1.0,7.5,0.0,15.0,0.20491523211163637,0
7.0,1.0,1.0,0.0,0.0,1.0,3.0,0.0,12.0,0.0,42.0,0.524543351545129,0
3.0,1.0,1.0,0.0,0.0,10.0,10.0,0.0,13.0,0.0,4.0,-1.087686982038643,0
23.8,0.8,1.0,0.0,1.0,0.0,5.8,0.19999999999999996,9.0,0.0,21.200000000000003,0.42485456372643515,0
5.0,1.0,1.0,0.0,0.0,29.0,29.0,0.0,29.0,0.0,4.0,-1.8856370088567371,0
35.5,1.0,1.0,0.3333333333333333,0.33333333333333337,0.5,5.0,0.33333333333333337,7.000000000000001,0.0,0.1666666666666714,0.23601131864322078,0
30.0,1.0,1.0,0.0,0.0,3.0,11.0,2.0,9.0,0.0,6.0,0.5115412218868596,0
16.0,1.0,1.0,0.0,0.0,4.0,11.0,1.0,7.0,0.0,17.0,0.5130772892336136,0
0.0,1.0,1.0,0.0,0.0,11.0,11.0,0.0,11.0,0.0,3.0,-1.8856422516316615,0
26.375,1.0,1.0,1.3877787807814457e-17,0.0,7.875000000000001,8.0,0.0,8.0,0.0,2.999999999999986,-1.8574280140512198,0
32.0,0.75,1.0,0.0,0.0,6.0,6.5,0.0,7.0,0.0,2.25,-1.6971608781091096,0
10.0,1.0,1.0,0.0,0.0,2.0,6.0,0.0,10.0,0.0,32.0,0.5201938292559073,0
18.0,1.0,1.0,0.0,0.0,7.0,12.0,1.0,8.0,0.0,10.0,-0.2212160833369495,0
37.0,1.0,0.0,0.0,1.0,0.0,0.0,14.0,0.0,0.0,6697.0,0.512349822131764,1
40.0,1.0,0.0,0.0,1.0,0.0,0.0,2.0,0.0,0.0,4.0,0.5300412748493206,1
24.0,1.0,1.0,0.0,1.0,0.0,2.0,3.0,3.0,0.0,3.0,0.5228823072991982,1
40.0,1.0,1.0,0.0,1.0,0.0,1.0,0.0,6.0,1.0,0.0,0.5300338683895066,1
36.0,1.0,1.0,0.0,0.0,3.0,3.0,0.0,3.0,0.0,4.0,-1.8856449146284489,1
40.0,1.0,1.0,0.0,1.0,0.0,2.0,2.0,3.0,0.0,9.0,0.5300441042834069,1
24.0,1.0,0.0,0.0,1.0,0.0,0.0,7.0,0.0,0.0,8.0,0.5298628540645873,1
19.0,1.0,1.0,0.0,0.0,5.0,5.0,22.0,20.0,0.0,179837.0,0.5395502538453769,1
37.0,0.0,1.0,1.0,1.0,0.0,1.0,0.0,2.0,1.0,0.0,0.5382851639342225,1
19.0,1.0,1.0,0.0,0.0,6.0,6.0,22.0,21.0,0.0,224.0,0.5395688948228863,1
40.0,1.0,1.0,0.0,1.0,0.0,2.0,0.0,2.0,0.0,10.0,0.5300351998879002,1
24.0,1.0,0.0,0.0,1.0,0.0,0.0,4.0,0.0,0.0,4105.0,0.5232250016982334,1
30.0,1.0,0.0,0.0,1.0,0.0,0.0,19.0,0.0,0.0,138376.0,0.5241935003422286,1
30.0,1.0,1.0,0.0,1.0,0.0,4.0,14.0,6.0,0.0,4.0,0.5126221135532413,1
30.0,1.0,0.0,0.0,1.0,0.0,0.0,7.0,0.0,0.0,13.0,0.5126003934856967,1
40.0,1.0,1.0,0.0,1.0,0.0,1.0,0.0,8.0,1.0,0.0,0.5300343677014041,1
30.0,1.0,0.0,0.0,1.0,0.0,0.0,6.0,0.0,0.0,552.0,0.5116264024108284,1
24.0,1.0,0.0,0.0,1.0,0.0,0.0,6.0,0.0,0.0,27.0,0.5253608915587574,1
31.0,1.0,1.0,0.0,0.0,9.0,9.0,22.0,26.0,0.0,18.0,0.5396063432152044,1
30.0,1.0,0.0,0.0,1.0,0.0,0.0,2.0,0.0,0.0,354.0,0.5112551640149818,1
30.0,1.0,1.0,1.0,1.0,0.0,19.0,2.0,2.0,0.0,1.0,0.5123578943407748,1
30.0,1.0,1.0,0.0,1.0,0.0,4.0,32.0,6.0,0.0,13.0,0.5402490408460322,1
37.0,0.0,1.0,1.0,1.0,0.0,12.0,0.0,4.0,0.0,116.0,0.5383132086191363,1
30.0,1.0,1.0,0.0,1.0,0.0,6.0,0.0,9.0,0.0,19.0,-1.9528769287622416,1
30.0,1.0,1.0,0.0,1.0,0.0,3.0,14.0,5.0,0.0,83.0,0.512621780678643,1
18.0,1.0,1.0,0.0,0.0,3.0,11.0,2.0,4.0,0.0,10.0,0.5115971094461707,1
18.0,1.0,0.0,0.0,1.0,0.0,0.0,33.0,0.0,0.0,8.0,0.540249706595229,1
24.0,1.0,0.0,0.0,1.0,0.0,0.0,9.0,0.0,0.0,9.0,0.5382417237991336,1
30.0,1.0,0.0,0.0,1.0,0.0,0.0,26.0,0.0,0.0,900.0,0.5401698166916171,1
30.0,1.0,0.0,0.0,1.0,0.0,0.0,1.0,0.0,1.0,0.0,0.5112257046130249,1
19.0,1.0,1.0,0.0,0.0,8.0,8.0,14.0,17.0,0.0,4.0,0.5395315296492178,1
40.0,1.0,1.0,0.0,1.0,0.0,1.0,1.0,4.0,0.0,30.0,0.5300409419747222,1
18.0,1.0,1.0,0.0,0.0,11.0,11.0,14.0,4.0,0.0,7973.0,0.5402572794923421,1
30.0,1.0,1.0,0.0,1.0,0.0,2.0,9.0,4.0,0.0,279.0,0.5116784972854753,1
30.0,1.0,0.0,0.0,1.0,0.0,0.0,10.0,0.0,0.0,311.0,0.5117755302309039,1
40.0,1.0,0.0,0.0,1.0,0.0,0.0,1.0,0.0,1.0,0.0,0.5300362817303449,1
6.0,0.0,1.0,1.0,1.0,0.0,14.0,0.0,6.0,0.0,8.0,0.5383150394294274,1
40.0,1.0,1.0,0.0,1.0,0.0,1.0,0.0,4.0,1.0,0.0,0.5300421902544662,1
30.0,1.0,1.0,0.0,1.0,0.0,2.0,21.0,3.0,0.0,61.0,0.524515140422916,1
30.0,1.0,0.0,0.0,1.0,0.0,0.0,24.0,0.0,0.0,104.0,0.5400910918490995,1
30.0,1.0,0.0,0.0,1.0,0.0,0.0,2.0,0.0,0.0,80.0,0.5111354123782136,1
30.0,1.0,1.0,0.0,1.0,0.0,8.0,21.0,22.0,0.0,78.0,0.524554669281474,1
30.0,1.0,1.0,0.0,1.0,0.0,1.0,21.0,2.0,0.0,3507.0,0.5245100640852907,1
33.0,1.0,1.0,0.0,0.0,1.0,1.0,0.0,1.0,1.0,0.0,-1.885645497158996,1
18.0,1.0,1.0,0.0,0.0,2.0,6.0,21.0,15.0,0.0,11.0,0.524546430635164,1
30.0,1.0,0.0,0.0,1.0,0.0,0.0,7.0,0.0,0.0,142.0,0.511638219459071,1
30.0,1.0,1.0,0.0,1.0,0.0,2.0,0.0,3.0,0.0,13.0,-1.952880840038773,1
40.0,1.0,0.0,0.0,1.0,0.0,0.0,3.0,0.0,0.0,733.0,0.5228745679647858,1
40.0,1.0,1.0,0.0,1.0,0.0,2.0,0.0,1.0,0.0,12.0,0.5300413580679701,1
24.0,1.0,1.0,0.0,1.0,0.0,2.0,1.0,3.0,0.0,29.0,0.5227295178585405,1
18.0,1.0,1.0,0.0,0.0,3.0,3.0,33.0,3.0,0.0,1.0,0.5402558647752991,1
30.0,1.0,1.0,0.0,1.0,0.0,1.0,32.0,2.0,0.0,16.0,0.5402429658846117,1
30.0,1.0,0.0,0.0,1.0,0.0,0.0,13.0,0.0,0.0,125.0,0.512639256595058,1
30.0,1.0,0.0,0.0,1.0,0.0,0.0,21.0,0.0,0.0,11.0,0.5242182162811585,1
19.0,1.0,1.0,0.0,0.0,2.0,2.0,22.0,3.0,0.0,6.0,0.5245753075065738,1
24.0,1.0,1.0,0.0,1.0,0.0,1.0,8.0,2.0,0.0,767.0,0.5382409748312872,1
40.0,1.0,1.0,0.0,1.0,0.0,1.0,0.0,3.0,1.0,0.0,0.5300336187335578,1
30.0,1.0,1.0,0.0,1.0,0.0,1.0,1.0,2.0,0.0,61.0,-1.952890659839425,1
30.0,1.0,0.0,0.0,1.0,0.0,0.0,3.0,0.0,0.0,9.0,0.511125010047014,1
30.0,1.0,1.0,0.0,1.0,0.0,2.0,2.0,3.0,0.0,9.0,0.5112604067899064,1
37.0,1.0,0.0,0.0,1.0,0.0,0.0,13.0,0.0,0.0,29.0,0.5117925068354214,1
30.0,1.0,0.0,0.0,1.0,0.0,0.0,15.0,0.0,0.0,137.0,0.5126335145082359,1
30.0,1.0,0.0,0.0,1.0,0.0,0.0,18.0,0.0,0.0,417.0,0.5126780364857696,1
24.0,1.0,1.0,0.0,1.0,0.0,1.0,0.0,2.0,1.0,0.0,0.5227097118199366,1
30.0,1.0,1.0,0.0,1.0,0.0,2.0,29.0,3.0,0.0,90.0,0.5402179170710835,1
30.0,1.0,1.0,0.0,1.0,0.0,8.0,20.0,12.0,0.0,11.0,0.5242173008760129,1
18.0,1.0,1.0,0.0,0.0,1.0,5.0,21.0,14.0,0.0,355.0,0.5245455152300185,1
31.0,1.0,1.0,0.0,0.0,8.0,8.0,22.0,24.0,0.0,279.0,0.5396048452795117,1
37.0,0.0,1.0,1.0,1.0,0.0,3.0,0.0,4.0,0.0,16.0,0.538287327619112,1
18.0,1.0,1.0,0.0,0.0,4.0,12.0,2.0,5.0,0.0,257.0,0.5116184966391167,1
37.0,1.0,1.0,1.0,1.0,0.0,6.0,9.0,10.0,0.0,662.0,0.5117476519832893,1
37.0,1.0,1.0,1.0,1.0,0.0,4.0,2.0,6.0,0.0,623.0,0.5113126681018525,1
18.0,1.0,0.0,0.0,1.0,0.0,0.0,5.0,0.0,0.0,5312.0,0.5115804657162515,1
30.0,1.0,0.0,0.0,1.0,0.0,0.0,30.0,0.0,0.0,270.0,0.5402403861064743,1
30.0,1.0,0.0,0.0,1.0,0.0,0.0,25.0,0.0,0.0,46.0,0.5400949199069809,1
30.0,1.0,0.0,0.0,1.0,0.0,0.0,5.0,0.0,0.0,851.0,0.5124335400932574,1
19.0,1.0,1.0,0.0,0.0,7.0,7.0,22.0,22.0,0.0,153.0,0.5395816272762745,1
30.0,1.0,0.0,0.0,1.0,0.0,0.0,1.0,0.0,0.0,7.0,-1.952872018861916,1
19.0,1.0,1.0,0.0,0.0,3.0,3.0,14.0,10.0,0.0,6.0,0.5395213769739672,1
40.0,1.0,0.0,0.0,1.0,0.0,0.0,3.0,0.0,0.0,7.0,0.530044686813954,1
40.0,1.0,1.0,0.0,1.0,0.0,1.0,0.0,12.0,1.0,0.0,0.5300345341387034,1
37.0,0.0,1.0,1.0,1.0,0.0,4.0,0.0,6.0,0.0,38.0,0.5382904899277967,1
24.0,1.0,1.0,0.0,1.0,0.0,1.0,2.0,2.0,0.0,28.0,0.5227896849421981,1
30.0,1.0,0.0,0.0,1.0,0.0,0.0,9.0,0.0,0.0,120.0,0.5116492875394671,1
40.0,1.0,1.0,0.0,1.0,0.0,3.0,1.0,2.0,0.0,4.0,0.5300458518750484,1
30.0,1.0,1.0,0.0,1.0,0.0,3.0,21.0,6.0,0.0,7.0,0.5245157229534633,1
30.0,1.0,1.0,0.0,1.0,0.0,2.0,14.0,3.0,0.0,9.0,0.5126148735307264,1
30.0,1.0,1.0,0.0,1.0,0.0,4.0,0.0,6.0,0.0,10.0,-1.952879175665781,1
24.0,1.0,1.0,0.0,1.0,0.0,1.0,1.0,2.0,0.0,58.0,0.5227271045177022,1
30.0,1.0,0.0,0.0,1.0,0.0,0.0,23.0,0.0,0.0,195.0,0.5400824371095415,1
30.0,1.0,1.0,0.0,1.0,0.0,5.0,0.0,8.0,0.0,8.0,-1.952878509916584,1
30.0,1.0,1.0,0.0,1.0,0.0,4.0,21.0,7.0,0.0,3.0,0.524515972609412,1
30.0,1.0,1.0,0.0,1.0,0.0,1.0,14.0,2.0,0.0,3176.0,0.5126141245628801,1
37.0,0.0,1.0,1.0,1.0,0.0,13.0,0.0,5.0,0.0,14.0,0.5383143736802306,1
30.0,1.0,1.0,0.0,1.0,0.0,4.0,9.0,7.0,0.0,21.0,0.5116876513369308,1
30.0,1.0,1.0,0.0,1.0,0.0,2.0,32.0,3.0,0.0,33.0,0.5402457121000483,1
37.0,1.0,0.0,0.0,1.0,0.0,0.0,2.0,0.0,0.0,62.0,0.5111181028990976,1
37.0,0.0,1.0,1.0,1.0,0.0,11.0,0.0,2.0,0.0,41.0,0.5383035552557832,1
40.0,1.0,1.0,0.0,1.0,0.0,1.0,2.0,2.0,0.0,25.0,0.5300433553155605,1
37.0,1.0,1.0,0.0,1.0,0.0,3.0,2.0,4.0,0.0,5.0,0.5112608228831543,1
30.0,1.0,1.0,0.0,1.0,0.0,7.0,20.0,11.0,0.0,22.0,0.5242163854708674,1
30.0,1.0,1.0,0.0,1.0,0.0,2.0,1.0,3.0,0.0,5.0,-1.9528902437461773,1
30.0,1.0,1.0,0.0,1.0,0.0,1.0,20.0,2.0,0.0,24.0,0.5242068985448135,1
37.0,1.0,1.0,0.0,1.0,0.0,5.0,9.0,8.0,0.0,59.0,0.5116925612372569,1
19.0,1.0,1.0,0.0,0.0,3.0,3.0,22.0,4.0,0.0,106.0,0.524584128683431,1
31.0,1.0,1.0,0.0,0.0,10.0,10.0,14.0,23.0,0.0,738.0,0.5395937771991154,1
40.0,1.0,0.0,0.0,1.0,0.0,0.0,1.0,0.0,0.0,9.0,0.5300356159811481,1
30.0,1.0,0.0,0.0,1.0,0.0,0.0,31.0,0.0,0.0,6.0,0.5402408854183718,1
39.0,1.0,1.0,0.0,0.0,5.0,5.0,0.0,5.0,0.0,3.0,-1.885644248879252,1
30.0,1.0,0.0,0.0,1.0,0.0,0.0,11.0,0.0,0.0,180.0,0.5126236947075836,1
40.0,1.0,1.0,0.0,1.0,0.0,5.0,1.0,3.0,0.0,8.0,0.5300474330293907,1
30.0,1.0,1.0,0.0,1.0,0.0,1.0,9.0,2.0,0.0,72.0,0.5116552792822381,1
40.0,1.0,0.0,0.0,1.0,0.0,0.0,1.0,0.0,0.0,133.0,0.5227222778360257,1
40.0,1.0,0.0,0.0,1.0,0.0,0.0,2.0,0.0,0.0,3.0,0.5227873548200095,1
40.0,1.0,0.0,0.0,1.0,0.0,0.0,2.0,0.0,0.0,113.0,0.5300450196885524,1
30.0,1.0,0.0,0.0,1.0,0.0,0.0,1.0,0.0,1.0,0.0,-1.9471057986314275,1
19.0,1.0,1.0,0.0,0.0,4.0,4.0,22.0,6.0,0.0,4.0,0.5245844615580293,1
24.0,1.0,1.0,0.0,1.0,0.0,2.0,0.0,3.0,0.0,18.0,0.5227112097556293,1
30.0,1.0,0.0,0.0,1.0,0.0,0.0,28.0,0.0,0.0,451.0,0.5402089294569271,1
30.0,1.0,1.0,0.0,1.0,0.0,2.0,5.0,3.0,0.0,3.0,0.5124345387170525,1
24.0,1.0,0.0,0.0,1.0,0.0,0.0,8.0,0.0,0.0,99909.0,0.5381771461270473,1
30.0,1.0,1.0,0.0,1.0,0.0,1.0,0.0,9.0,1.0,0.0,0.5245340310563743,1
30.0,1.0,1.0,1.0,1.0,0.0,7.0,9.0,11.0,0.0,24.0,0.5117496492308796,1
4.0,1.0,1.0,0.0,0.0,6.0,6.0,0.0,6.0,0.0,9.0,-1.8856434999114056,1
30.0,1.0,1.0,0.0,1.0,0.0,5.0,20.0,8.0,0.0,9.0,0.5242138056927299,1
40.0,1.0,1.0,0.0,1.0,0.0,1.0,0.0,1.0,1.0,0.0,0.5300365313862937,1
30.0,1.0,1.0,0.0,1.0,0.0,1.0,0.0,2.0,1.0,0.0,-1.9528819218812177,1
40.0,1.0,0.0,0.0,1.0,0.0,0.0,1.0,0.0,0.0,12.0,0.5300346173573529,1
19.0,1.0,1.0,0.0,0.0,9.0,9.0,14.0,18.0,0.0,10.0,0.5395323618357137,1
30.0,1.0,0.0,0.0,1.0,0.0,0.0,20.0,0.0,0.0,137.0,0.5242049012972232,1
30.0,1.0,1.0,1.0,1.0,0.0,17.0,2.0,5.0,0.0,23.0,0.5122674356686643,1
38.0,1.0,1.0,0.0,0.0,4.0,4.0,0.0,4.0,0.0,5.0,-1.8856444985352008,1
18.0,1.0,1.0,0.0,0.0,12.0,12.0,14.0,6.0,0.0,8.0,0.5402579452415389,1
40.0,1.0,1.0,0.0,1.0,0.0,3.0,0.0,2.0,0.0,7.0,0.5300419405985174,1
40.0,1.0,0.0,0.0,1.0,0.0,0.0,5.0,0.0,0.0,25639.0,0.5253586446552184,1
19.0,1.0,1.0,0.0,0.0,4.0,4.0,14.0,11.0,0.0,88.0,0.5395287002151316,1
30.0,1.0,1.0,0.0,0.0,10.0,10.0,22.0,27.0,0.0,5526.0,0.5400662094728704,1
30.0,1.0,1.0,0.0,1.0,0.0,3.0,20.0,4.0,0.0,15.0,0.5242081468245574,1
30.0,1.0,0.0,0.0,1.0,0.0,0.0,3.0,0.0,0.0,32.0,0.5123605573375619,1
40.0,1.0,0.0,0.0,1.0,0.0,0.0,3.0,0.0,0.0,14.0,0.5300461847496467,1
30.0,1.0,1.0,0.0,1.0,0.0,1.0,5.0,2.0,0.0,9.0,0.5124342890611037,1
30.0,1.0,0.0,0.0,1.0,0.0,0.0,14.0,0.0,0.0,23.0,0.5126411706239987,1
30.0,1.0,1.0,1.0,1.0,0.0,3.0,2.0,4.0,0.0,1.0,0.5111242610791678,1
30.0,1.0,1.0,0.0,1.0,0.0,6.0,20.0,9.0,0.0,9.0,0.5242145546605763,1
37.0,1.0,1.0,0.0,0.0,3.0,7.0,21.0,16.0,0.0,21.0,0.5245481782268056,1
37.0,1.0,1.0,1.0,1.0,0.0,16.0,2.0,4.0,0.0,5637.0,0.5122655216397236,1
30.0,1.0,1.0,0.0,1.0,0.0,4.0,20.0,7.0,0.0,59.0,0.5242130567248835,1
30.0,1.0,1.0,0.0,1.0,0.0,3.0,0.0,5.0,0.0,10.0,-1.952880007852277,1
30.0,1.0,1.0,0.0,1.0,0.0,1.0,2.0,2.0,0.0,54.0,0.51125965782206,1
30.0,1.0,0.0,0.0,1.0,0.0,0.0,1.0,0.0,1.0,0.0,-1.950474822441661,1
30.0,1.0,0.0,0.0,1.0,0.0,0.0,4.0,0.0,0.0,26.0,0.5123627210224514,1
