kamran,root,admins,phoenix,piglet,runner,sam,newpass,notused,internet,asshole,Maddock,computer,Mickey,qwerty,fiction,orange,tigger,wheeling,mustang,jennifer,money,chris,david,foobar,buster,harley,jordan,stupid,apple,fred,summer,andrew,osamac,gta,adminx,gtta,osamax,is_private,is_failure,is_root,is_valid,not_valid_count,ip_failure,ip_success,no_failure,first,td,ts,target,source
0.0,0.0,0.49999999999999994,0.0,0.0,0.0,0.0,0.0,0.0,0.0,0.0,0.0,0.0,0.5,0.0,0.0,0.0,0.0,0.0,0.0,0.0,0.0,0.0,0.0,0.0,0.0,0.0,0.0,0.0,0.0,0.0,0.0,0.0,0.0,0.0,0.0,0.0,0.0,0.5,1.0,1.0,0.0,0.9985804245361778,3.158393096958219,-0.7824595057587668,0.27544001820970165,0.0,-0.1489360389671253,1.3563442913907573,1,centroid
0.0,0.0,3.469446951953614e-18,0.0,0.0,0.0,0.0,0.0,3.469446951953614e-18,0.0,0.0,3.469446951953614e-18,0.0,0.0,0.0,0.0,0.0,0.0,0.0,0.0,0.0,6.938893903907228e-18,0.0,0.0,6.938893903907228e-18,0.0,0.0,1.0,0.0,0.0,0.0,0.0,0.0,0.0,0.0,3.469446951953614e-18,0.0,0.0,1.0,1.0,0.0,5.551115123125783e-17,0.049189516668781574,0.0013285561309076543,-0.5400939041322305,0.03972462469401439,0.0,-0.12530373074335122,0.3270595880998927,1,centroid
0.0,0.0,0.0,3.469446951953614e-18,8.673617379884035e-19,0.14285714285714285,6.938893903907228e-18,3.469446951953614e-18,0.14285714285714282,0.0,3.469446951953614e-18,0.0,0.0,0.0,1.734723475976807e-18,0.14285714285714282,0.14285714285714282,8.673617379884035e-19,0.0,0.0,0.0,0.0,0.0,0.0,0.0,0.0,0.0,0.0,0.0,3.469446951953614e-18,0.0,0.0,0.0,0.14285714285714288,4.336808689942018e-19,0.0,0.0,0.0,1.0,1.0,0.0,-5.551115123125783e-17,0.5916986068787223,2.9550884226044247,-0.7824595057587668,2.720145385243831,0.0,-0.14898289421665586,-1.885634953060588,1,centroid
0.0,0.0,-3.469446951953614e-18,0.0,0.0,0.0,0.0,0.0,-3.469446951953614e-18,0.0,0.0,-3.469446951953614e-18,0.0,0.0,0.0,0.0,0.39999999999999997,0.0,0.0,0.0,0.0,0.20000000000000004,0.0,0.0,-6.938893903907228e-18,0.0,0.0,0.2,0.0,0.0,0.0,0.0,0.0,0.0,0.0,-3.469446951953614e-18,0.20000000000000004,0.0,1.0,1.0,0.0,-5.551115123125783e-17,3.336046314940733,1.2837837892959914,-0.7824595057587668,1.1145868191255488,0.0,-0.14896711139576135,-1.8856395330151359,1,centroid
0.0,0.0,3.469446951953614e-18,0.0,0.0,0.0,0.0,0.0,3.469446951953614e-18,0.0,0.0,3.469446951953614e-18,0.0,0.0,0.0,0.0,0.0,0.0,0.0,0.0,0.0,6.938893903907228e-18,0.0,0.0,6.938893903907228e-18,0.6666666666666666,0.0,0.33333333333333337,0.0,0.0,0.0,0.0,0.0,0.0,0.0,3.469446951953614e-18,0.0,0.0,0.0,1.0,0.0,1.0,-0.4746123635339198,0.06675994557810572,-0.7824595057587668,0.38544053518368915,0.0,-0.14822827809263683,0.5340830328366462,1,centroid
0.0,0.0,0.0,0.0,0.0,1.0,0.0,0.0,0.0,0.0,0.0,0.0,0.0,0.0,0.0,0.0,0.0,0.0,0.0,0.0,0.0,0.0,0.0,0.0,0.0,0.0,0.0,0.0,0.0,0.0,0.0,0.0,0.0,0.0,0.0,0.0,0.0,0.0,1.0,1.0,1.0,0.0,2.078921802454249,2.716731218189631,-0.7824595057587668,2.868309346882263,0.0,-0.1488152017446516,-0.735892262624432,1,centroid
0.0,0.0,0.0,0.0,0.0,0.0,0.0,0.0,0.0,0.0,0.0,0.0,0.0,0.0,0.0,0.0,0.0,0.0,0.0,0.0,0.0,0.75,0.25,0.0,0.0,0.0,0.0,0.0,0.0,0.0,0.0,0.0,0.0,0.0,0.0,0.0,0.0,0.0,1.0,1.0,0.0,0.0,0.9494739982671746,0.14037025870620357,-0.7824595057587668,0.03972462469401428,0.0,-0.1489964575783621,-1.7337425809660272,1,centroid
0.0,0.0,0.0,0.0,0.0,0.0,0.0,0.0,0.0,0.0,0.0,0.0,0.0,0.0,0.0,0.0,0.0,0.0,0.0,0.0,0.0,0.0,0.0,1.0,0.0,0.0,0.0,0.0,0.0,0.0,0.0,0.0,0.0,0.0,0.0,0.0,0.0,0.0,0.0,1.0,0.0,1.0,1.2932189821501974,0.7537895347736864,-0.7824595057587668,0.22829693950656416,0.0,-0.1489533014274787,1.365884903663063,1,centroid
0.0,0.0,0.0,0.0,0.0,0.0,0.0,0.0,0.0,0.0,0.0,0.0,0.0,0.0,0.0,0.0,0.0,0.0,0.0,0.0,0.0,0.0,0.0,0.0,0.0,0.0,0.0,0.0,0.25,0.75,0.0,0.0,0.0,0.0,0.0,0.0,0.0,0.0,0.0,1.0,0.5,1.0,-0.4746123635339198,0.06675994557810572,-0.7824595057587668,0.32258309691283915,0.0,-0.14861668345058782,0.4723166887278493,1,centroid
0.0,0.0,3.469446951953614e-18,0.0,0.0,0.0,0.0,0.0,3.469446951953614e-18,0.0,0.0,3.469446951953614e-18,0.3333333333333333,0.0,0.0,0.0,0.0,0.0,0.0,0.0,0.0,6.938893903907228e-18,0.0,0.0,6.938893903907228e-18,0.0,0.0,0.0,0.0,0.0,0.3333333333333333,0.0,0.0,0.0,0.0,3.469446951953614e-18,0.0,0.0,0.0,1.0,0.0,1.0,2.471773212606275,0.557495366432092,-0.6439648762578889,2.931166785153113,0.0,-0.14832034454785484,-0.7358942830615421,1,centroid
0.0,0.0,0.0,0.0,0.0,0.0,0.0,0.0,0.0,0.0,0.0,0.0,0.0,0.0,0.0,0.0,0.0,0.0,0.0,0.0,0.0,0.0,0.25,0.75,0.0,0.0,0.0,0.0,0.0,0.0,0.0,0.0,0.0,0.0,0.0,0.0,0.0,0.0,1.0,1.0,0.0,0.75,-0.4746123635339198,0.18944380079160228,-0.7824595057587668,0.41686925431911415,0.0,-0.14846995253758408,-1.9440321948712513,1,centroid
6.938893903907228e-18,0.0,1.0408340855860843e-17,-1.0408340855860843e-17,-2.6020852139652106e-18,0.0,1.3877787807814457e-17,-1.0408340855860843e-17,1.0408340855860843e-17,-3.469446951953614e-18,-1.0408340855860843e-17,1.0408340855860843e-17,0.0,0.0,-5.204170427930421e-18,-1.0408340855860843e-17,6.938893903907228e-18,-2.6020852139652106e-18,3.469446951953614e-18,0.0,3.469446951953614e-18,2.0816681711721685e-17,-3.469446951953614e-18,0.0,2.0816681711721685e-17,1.3877787807814457e-17,6.938893903907228e-18,0.0,0.0,-1.0408340855860843e-17,1.0,3.469446951953614e-18,0.0,-2.6020852139652106e-18,-1.3010426069826053e-18,1.0408340855860843e-17,3.469446951953614e-18,3.469446951953614e-18,0.04761904761904767,1.0,0.9523809523809527,0.9999999999999999,-0.47461236353392,-0.008018785218692037,-0.7824595057587667,0.23727657354525689,0.0,-0.14868861036872688,0.5345269928053675,1,centroid
0.0,0.0,3.469446951953614e-18,0.0,0.0,0.0,0.0,0.3333333333333333,3.469446951953614e-18,0.0,0.0,3.469446951953614e-18,0.0,0.0,0.0,0.0,0.0,0.0,0.0,0.0,0.0,6.938893903907228e-18,0.0,0.0,6.938893903907228e-18,0.0,0.0,0.0,0.0,0.0,0.0,0.0,0.3333333333333333,0.0,0.0,0.33333333333333326,0.0,0.0,0.33333333333333337,1.0,0.0,5.551115123125783e-17,1.0313180420488468,0.5247796717084928,-0.7824595057587668,2.365449840715463,0.0,-0.14762984613371974,-0.7358968567135755,1,centroid
0.0,0.0,0.0,0.0,0.0,0.0,0.0,0.0,0.0,0.0,0.0,0.0,0.0,0.0,0.0,0.0,0.0,0.0,0.0,0.0,0.0,0.5,0.0,0.0,0.0,0.0,0.0,0.0,0.0,0.0,0.0,0.0,0.0,0.0,0.0,0.0,0.5,0.0,0.0,1.0,0.5,1.0,3.74854029560036,2.5695105919334353,-0.7824595057587668,1.2654446709755887,0.0,-0.14879793928429824,-0.7358962674194183,1,centroid
0.0,0.0,3.469446951953614e-18,0.0,0.0,0.0,0.0,0.3333333333333333,3.469446951953614e-18,0.0,0.0,3.469446951953614e-18,0.0,0.0,0.0,0.0,0.0,0.0,0.0,0.0,0.0,6.938893903907228e-18,0.0,0.0,6.938893903907228e-18,0.0,0.0,0.0,0.0,0.0,0.0,0.0,0.0,0.0,0.0,0.33333333333333326,0.0,0.0,0.0,1.0,0.0,0.3333333333333333,0.5075161618461452,2.684015523466032,-0.7824595057587668,0.542584130860814,0.0,-0.14883821835845618,-0.7358952211216291,1,centroid
0.0,0.0,0.0,3.469446951953614e-18,8.673617379884035e-19,0.0,6.938893903907228e-18,3.469446951953614e-18,0.0,3.469446951953614e-18,3.469446951953614e-18,0.0,0.0,0.0,1.734723475976807e-18,3.469446951953614e-18,0.0,8.673617379884035e-19,0.14285714285714285,0.0,0.0,0.14285714285714288,3.469446951953614e-18,0.0,0.4285714285714286,0.2857142857142857,0.0,0.0,0.0,3.469446951953614e-18,0.0,0.0,0.0,8.673617379884035e-19,4.336808689942018e-19,0.0,0.0,0.0,1.0,1.0,2.7755575615628914e-17,-5.551115123125783e-17,1.4054622421936331,0.4733692942856943,0.2265727948904861,0.13401078210028927,0.0,-0.10068746227943465,0.5342258509319389,1,centroid
0.0,0.0,0.0,0.0,0.0,0.0,0.0,0.0,0.125,0.0,0.0,0.12499999999999999,0.0,0.5,0.0,0.0,0.0,0.0,0.0,0.0,0.125,0.0,0.0,0.0,0.0,0.0,0.0,0.0,0.0,0.0,0.0,0.0,0.0,0.0,0.0,0.0,0.0,0.0,1.0,1.0,0.0,0.0,-0.4746123635339198,-0.16633937932753773,-0.6915724051488157,0.11043924274872052,0.0,-0.14721410854687586,0.364339615270139,1,centroid
0.0,0.0,0.0,0.0,0.0,0.0,0.0,0.0,0.0,0.0,0.0,0.0,0.0,0.0,0.0,0.0,0.0,0.0,0.0,1.0,0.0,0.0,0.0,0.0,0.0,0.0,0.0,0.0,0.0,0.0,0.0,0.0,0.0,0.0,0.0,0.0,0.0,0.0,0.0,1.0,1.0,0.0,1.4896446872262104,-0.03138713859269149,-0.6785885336331083,2.396878559850888,0.0,-0.1490568761895989,1.342607519874334,1,centroid
0.0,0.0,0.0,0.0,0.0,0.0,0.0,0.0,0.0,0.0,0.0,0.0,0.0,0.0,0.0,0.0,0.0,0.0,0.0,0.0,0.0,0.0,0.0,0.0,0.0,0.0,0.0,0.0,0.0,0.0,0.0,0.0,0.0,0.0,1.0,0.0,0.0,0.0,1.0,1.0,0.0,1.0,-0.08176095338189371,2.422289965677239,-0.7824595057587668,3.0568816616948125,0.0,-0.1489533014274787,1.3658885837449424,1,centroid
0.0,0.0,0.0,3.469446951953614e-18,0.12500000000000003,0.0,0.125,3.469446951953614e-18,0.0,-3.469446951953614e-18,3.469446951953614e-18,0.0,0.0,0.0,1.734723475976807e-18,3.469446951953614e-18,0.0,8.673617379884035e-19,0.0,0.0,0.0,0.0,0.12499999999999999,0.0,0.0,0.0,0.0,0.0,0.0,3.469446951953614e-18,0.0,0.0,0.0,0.125,4.336808689942018e-19,0.0,0.0,0.0,1.0,1.0,-2.7755575615628914e-17,-5.551115123125783e-17,1.587857539764217,3.452834349470611,-0.7824595057587668,3.198310897804225,0.0,-0.14893603896712526,-1.8856333229417104,1,centroid
0.0,0.0,0.0,0.0,0.0,0.0,0.0,0.0,0.0,0.0,0.0,0.0,0.0,0.0,0.0,0.0,0.0,0.0,0.0,0.0,0.0,0.0,0.0,0.0,0.0,1.0,0.0,0.0,0.0,0.0,0.0,0.0,0.0,0.0,0.0,0.0,0.0,0.0,0.2,1.0,0.0,1.0,-0.4746123635339198,0.12564819608058408,-0.7824595057587668,0.3791547913566041,0.0,-0.1477449292027422,-1.12928825056186,1,centroid
0.0,0.0,0.0,0.0,0.0,0.0,0.0,0.0,0.0,0.0,0.0,0.0,0.0,0.0,0.0,0.0,0.0,0.0,0.0,0.0,0.0,1.0,0.0,0.0,0.0,0.0,0.0,0.0,0.0,0.0,0.0,0.0,0.0,0.0,0.0,0.0,0.0,0.0,0.0,1.0,0.0,0.0,1.8824960973782363,2.913025386531225,-0.5747175615074499,3.2454539765073624,0.0,-0.1487461519032381,1.3424890356695116,1,centroid
0.0,0.0,0.0,0.0,0.0,0.0,0.0,0.0,0.0,0.0,0.0,0.0,0.0,0.0,0.0,0.0,0.0,0.0,0.0,1.0,0.0,0.0,0.0,0.0,0.0,0.0,0.0,0.0,0.0,0.0,0.0,0.0,0.0,0.0,0.0,0.0,0.0,0.0,1.0,1.0,0.0,0.0,1.4896446872262104,0.36120119809049733,-0.7824595057587668,0.22829693950656416,0.0,-0.1489878263481854,-1.8856424061493895,1,centroid
0.0,0.0,3.469446951953614e-18,0.0,0.0,0.0,0.0,0.0,3.469446951953614e-18,0.0,0.0,3.469446951953614e-18,0.0,0.0,0.0,0.16666666666666663,0.0,0.0,0.0,0.0,0.16666666666666666,6.938893903907228e-18,0.0,0.0,6.938893903907228e-18,0.0,0.0,0.0,0.0,0.0,0.0,0.0,0.0,0.0,0.0,3.469446951953614e-18,0.0,0.0,1.0,1.0,0.0,1.0,-0.4746123635339198,0.0340442508545068,-0.765147677071157,0.21258257993885166,0.0,-0.1483145903944037,-0.33563619595286187,1,centroid
0.0,0.0,0.0,0.0,0.0,0.0,0.0,0.0,0.0,0.0,0.0,0.0,0.0,0.0,0.0,0.0,0.0,0.0,0.0,0.0,0.0,0.0,0.0,0.0,0.0,0.0,0.0,0.0,0.0,0.0,0.0,0.0,1.0,0.0,0.0,0.0,0.0,0.0,1.0,1.0,0.0,0.0,-0.4746123635339198,3.403760807385212,0.6717341040004507,2.208306245038338,0.0,-0.1476413544406219,-0.7358941387446057,1,centroid
0.0,0.0,0.0,0.0,0.0,0.0,0.0,0.0,0.0,0.0,0.0,0.0,0.0,0.0,0.0,0.0,0.0,0.0,0.0,0.0,0.0,0.0,0.0,0.0,0.0,0.0,0.0,0.0,0.0,0.0,0.0,0.0,0.0,0.0,0.0,0.0,0.0,0.0,1.0,1.0,0.0,0.0,-0.2781866584579068,2.5204370498480366,-0.7824595057587668,2.302592402444613,0.0,-0.1489878263481854,-1.8856361078654564,1,centroid
0.0,0.0,3.469446951953614e-18,0.0,0.0,0.0,0.6666666666666666,0.0,3.469446951953614e-18,0.0,0.0,0.33333333333333326,0.0,0.0,0.0,0.0,0.0,0.0,0.0,0.0,0.0,6.938893903907228e-18,0.0,0.0,6.938893903907228e-18,0.0,0.0,0.0,0.0,0.0,0.0,0.0,0.0,0.0,0.0,3.469446951953614e-18,0.0,0.0,0.6666666666666666,1.0,0.0,5.551115123125783e-17,2.6027236826569506,0.2957698086432994,-0.6785885336331083,1.1397297944338887,0.0,-0.13299127975405545,1.3459218304782956,1,centroid
0.0,0.0,0.0,0.0,0.0,0.0,0.0,0.0,0.0,0.0,0.0,0.0,0.0,0.0,0.0,0.0,0.0,0.0,0.0,0.0,0.0,0.0,0.0,0.0,0.0,0.0,0.0,0.0,0.0,0.0,0.0,0.0,0.0,0.0,0.0,0.0,1.0,0.0,0.0,1.0,0.0,0.0,4.043178853214379,-0.1295342227634887,-0.7824595057587668,3.2454539765073624,0.0,-0.1489533014274787,1.365884903663063,1,centroid
0.0,0.0,0.0,0.0,0.0,0.0,0.25,0.0,0.0,0.0,0.0,0.0,0.0,0.0,0.0,0.0,0.0,0.0,0.0,0.0,0.0,0.0,0.0,0.0,0.0,0.0,0.0,0.0,0.25,0.0,0.25,0.0,0.0,0.0,0.0,0.0,0.0,0.0,0.75,1.0,0.25,0.0,3.0119439015653113,3.6000549757268065,-0.7045562766645229,3.0568816616948125,0.0,-0.14841816515652395,-0.7358959427063112,1,centroid
0.0,0.0,1.0,0.0,0.0,0.0,0.0,0.0,0.0,0.0,0.0,0.0,0.0,0.0,0.0,0.0,0.0,0.0,0.0,0.0,0.0,0.0,0.0,0.0,0.0,0.0,0.0,0.0,0.0,0.0,0.0,0.0,0.0,0.0,0.0,0.0,0.0,0.0,1.0,1.0,0.5,1.0,-0.3763995109959133,1.3917455818838682,-0.055362700879157956,0.7940138839442139,0.0,-0.1179499226328123,-0.7358986486488697,1,centroid
0.3333333333333333,0.0,3.469446951953614e-18,0.0,0.0,0.0,0.0,0.0,3.469446951953614e-18,0.0,0.0,3.469446951953614e-18,0.0,0.3333333333333333,0.0,0.0,0.0,0.0,0.0,0.0,0.0,6.938893903907228e-18,0.0,0.0,6.938893903907228e-18,0.0,0.0,0.0,0.0,0.0,0.0,0.0,0.0,0.0,0.0,3.469446951953614e-18,0.0,0.33333333333333337,1.0,1.0,1.0,0.3333333333333333,1.8170208623528987,1.8988388500996538,-0.5747175615074499,0.8254426030796389,0.0,-0.1486310688342156,-0.7358943311671877,1,centroid
-3.469446951953614e-18,0.0,0.0,3.469446951953614e-18,8.673617379884035e-19,0.3846153846153847,0.15384615384615385,0.07692307692307691,0.07692307692307693,-3.469446951953614e-18,3.469446951953614e-18,0.0,0.0,0.0,1.734723475976807e-18,3.469446951953614e-18,0.07692307692307691,8.673617379884035e-19,-1.734723475976807e-18,0.0,-1.734723475976807e-18,0.0,-3.469446951953614e-18,0.0,0.0,-6.938893903907228e-18,-3.469446951953614e-18,0.0,0.0,3.469446951953614e-18,-1.3877787807814457e-17,-1.734723475976807e-18,0.0,8.673617379884035e-19,4.336808689942018e-19,0.0,-1.734723475976807e-18,-1.734723475976807e-18,1.0,1.0,0.07692307692307693,0.07692307692307693,-0.2781866584579068,-0.2125817555233941,-0.7824595057587668,0.3443414409296718,0.0,-0.14642501492649165,0.5308183346287025,1,centroid
0.0,0.0,3.469446951953614e-18,0.0,0.0,0.0,0.0,0.0,3.469446951953614e-18,0.0,0.0,3.469446951953614e-18,0.0,0.0,0.0,0.0,0.0,0.0,0.0,0.0,0.0,6.938893903907228e-18,0.0,0.0,6.938893903907228e-18,0.0,0.9999999999999999,0.0,0.0,0.0,0.0,0.0,0.0,0.0,0.0,3.469446951953614e-18,0.0,0.0,0.6666666666666666,1.0,0.0,5.551115123125783e-17,0.3765656917954699,-0.03138713859269149,-0.7824595057587668,-0.05456153271226061,0.0,-0.14899933465508766,-1.0812376126778542,1,centroid
0.0,0.0,0.0,0.0,0.0,0.0,0.0,0.0,0.0,0.0,0.0,0.0,0.0,0.0,0.0,0.0,0.0,0.0,0.0,0.0,0.0,1.0,0.0,0.0,0.0,0.0,0.0,0.0,0.0,0.0,0.0,0.0,0.0,0.0,0.0,0.0,0.0,0.0,1.0,1.0,0.0,1.0,2.4717732126062755,3.403760807385212,-0.7824595057587668,0.9825861987567638,0.0,-0.1490568761895989,1.3658848315045948,1,centroid
0.0,0.0,-3.469446951953614e-18,0.0,0.0,0.0,0.0,0.0,-3.469446951953614e-18,0.0,0.0,-3.469446951953614e-18,0.0,0.0,0.0,0.0,0.0,0.0,0.0,0.0,0.0,-6.938893903907228e-18,0.0,0.0,1.0,0.0,0.0,0.0,0.0,0.0,0.0,0.0,0.0,0.0,0.0,-3.469446951953614e-18,0.0,0.0,0.0,1.0,1.0,1.0,-0.4746123635339198,0.08638936241226502,-0.6993627280582401,0.3980120228378591,0.0,-0.14890496653848923,0.5185589798405967,1,centroid
0.0,0.0,0.0,0.0,0.0,0.0,0.0,0.0,0.0,0.0,0.0,0.0,0.0,0.0,0.0,0.0,0.0,0.0,0.0,0.0,0.0,0.0,0.0,0.0,0.0,0.0,0.0,0.0,0.0,1.0,0.0,0.0,0.0,0.0,0.0,0.0,0.0,0.0,0.8,1.0,0.0,0.0,-0.3567569404883121,-0.07064597226101033,-0.7201369224833717,0.0020101617315043674,0.0,-0.13943823328069688,0.284921769230898,1,centroid
0.0,0.0,3.469446951953614e-18,0.0,0.0,0.0,0.0,0.0,3.469446951953614e-18,0.0,0.0,3.469446951953614e-18,0.0,0.0,0.0,0.0,0.0,0.0,0.0,0.0,0.0,6.938893903907228e-18,0.0,0.0,6.938893903907228e-18,0.0,0.0,0.0,0.9999999999999999,0.0,0.0,0.0,0.0,0.0,0.0,3.469446951953614e-18,0.0,0.0,0.33333333333333337,1.0,0.0,0.1666666666666667,-0.212711423432569,0.05040209821630637,-0.7132121910083278,0.24401129907427666,0.0,-0.1387857122793392,0.06528105060426692,1,centroid
0.0,0.0,-3.469446951953614e-18,0.0,0.0,0.0,0.0,0.0,-3.469446951953614e-18,0.0,0.0,-3.469446951953614e-18,0.0,0.0,0.0,0.8,0.0,0.0,0.0,0.0,0.0,-6.938893903907228e-18,0.0,0.0,-6.938893903907228e-18,0.0,0.0,0.0,0.0,0.0,0.0,0.0,0.0,0.0,0.0,-3.469446951953614e-18,0.0,0.0,1.0,1.0,0.0,-5.551115123125783e-17,1.1753635591045897,0.4986071159296136,-0.761685311333635,0.2094397080253092,0.0,-0.14887734660192384,-1.0560123422690202,1,centroid
0.2,0.0,0.19999999999999998,0.19999999999999998,0.0,0.0,0.0,0.0,-3.469446951953614e-18,0.0,0.0,-3.469446951953614e-18,0.0,0.0,0.0,0.19999999999999998,0.0,0.0,0.0,0.0,0.0,0.2,0.0,0.0,-6.938893903907228e-18,0.0,0.0,0.0,0.0,0.0,0.0,0.0,0.0,0.0,0.0,-3.469446951953614e-18,0.0,0.0,0.8,1.0,0.2,-5.551115123125783e-17,0.35037559778533484,2.834507719194588,-0.7201369224833717,3.0568816616948125,0.0,-0.13956252299524122,-0.7475567800345736,1,centroid
0.0,0.0,0.0,0.0,0.0,0.0,0.0,0.0,0.49999999999999994,0.0,0.0,0.0,0.0,0.0,0.0,0.0,0.0,0.0,0.5,0.0,0.0,0.0,0.0,0.0,0.0,0.0,0.0,0.0,0.0,0.0,0.0,0.0,0.0,0.0,0.0,0.0,0.0,0.0,1.0,1.0,0.0,0.0,4.043178853214379,3.0602460127874216,-0.7824595057587668,0.36972617561597665,0.0,-0.1257180297918323,-0.7358953654385656,1,centroid
0.0,0.0,0.0,0.0,0.0,0.0,0.0,0.0,0.0,0.0,0.0,0.0,0.0,0.0,0.0,0.0,0.0,0.0,0.0,0.0,0.0,0.0,0.0,0.0,0.0,0.0,0.0,0.0,0.0,0.0,0.0,0.0,0.0,0.0,0.0,0.0,0.0,0.0,0.5,1.0,1.0,0.5,2.6681989176822882,0.11583348766350432,-0.7824595057587668,0.7468708052410765,0.0,-0.1488152017446516,-0.7358925151790707,1,centroid
0.42857142857142855,0.0,0.0,3.469446951953614e-18,8.673617379884035e-19,0.0,6.938893903907228e-18,3.469446951953614e-18,0.0,3.469446951953614e-18,3.469446951953614e-18,0.0,0.14285714285714288,0.0,1.734723475976807e-18,3.469446951953614e-18,0.28571428571428564,0.14285714285714285,0.0,0.0,0.0,0.0,3.469446951953614e-18,0.0,0.0,0.0,0.0,0.0,0.0,3.469446951953614e-18,0.0,0.0,0.0,8.673617379884035e-19,4.336808689942018e-19,0.0,0.0,0.0,1.0,1.0,2.7755575615628914e-17,-5.551115123125783e-17,1.7421920223239415,0.48739030631009395,-0.7824595057587668,0.3495219990289178,0.0,-0.1489878263481854,-1.8856420550996542,1,centroid
0.0,0.0,0.0,0.0,0.0,0.0,0.0,0.0,0.0,1.0,0.0,0.0,0.0,0.0,0.0,0.0,0.0,0.0,0.0,0.0,0.0,0.0,0.0,0.0,0.0,0.0,0.0,0.0,0.0,0.0,0.0,0.0,0.0,0.0,0.0,0.0,0.0,0.0,1.0,1.0,0.0,0.0,0.21287760423212576,2.7658047602750298,-0.7824595057587668,2.5383077959603004,0.0,-0.1489878263481854,-1.8856354730958247,1,centroid
0.0,0.0,3.469446951953614e-18,0.0,0.0,0.0,0.0,0.0,3.469446951953614e-18,0.0,0.0,3.469446951953614e-18,0.0,0.0,0.0,0.0,0.0,0.0,0.0,0.0,0.0,6.938893903907228e-18,0.0,0.0,6.938893903907228e-18,0.0,0.0,0.0,0.0,0.0,0.0,0.0,0.0,0.0,0.0,3.469446951953614e-18,0.0,0.0,0.33333333333333337,1.0,0.0,1.0,-0.4746123635339198,-0.35854408582868225,-0.7824595057587668,0.22829693950656416,0.0,-0.1488497266653584,0.5314788904930272,1,centroid
0.0,0.0,0.0,0.0,0.0,1.0,0.0,0.0,0.0,0.0,0.0,0.0,0.0,0.0,0.0,0.0,0.0,0.0,0.0,0.0,0.0,0.0,0.0,0.0,0.0,0.0,0.0,0.0,0.0,0.0,0.0,0.0,0.0,0.0,0.0,0.0,0.0,0.0,1.0,1.0,1.0,0.0,3.846753148138367,-0.1295342227634887,0.6717341040004507,2.208306245038338,0.0,-0.0868429690760257,-0.7358929842091142,1,centroid
0.0,1.0,0.0,0.0,0.0,0.0,0.0,0.0,0.0,0.0,0.0,0.0,0.0,0.0,0.0,0.0,0.0,0.0,0.0,0.0,0.0,0.0,0.0,0.0,0.0,0.0,0.0,0.0,0.0,0.0,0.0,0.0,0.0,0.0,0.0,0.0,0.0,0.0,0.0,1.0,1.0,0.0,0.9003675719981714,0.2630541139197001,0.6717341040004507,2.208306245038338,0.0,-0.1489533014274787,1.3539670667343768,1,centroid
0.0,0.0,0.0,0.0,0.0,0.0,0.0,0.0,0.0,0.0,0.0,0.0,0.0,0.0,1.0,0.0,0.0,0.0,0.0,0.0,0.0,0.0,0.0,0.0,0.0,0.0,0.0,0.0,0.0,0.0,0.0,0.0,0.0,0.0,0.0,0.0,0.0,0.0,1.0,1.0,0.0,0.0,1.0967932770741844,0.557495366432092,-0.6785885336331083,0.13401078210028916,0.0,-0.14879793928429824,-0.5664056076885996,1,centroid
0.0,0.0,3.469446951953614e-18,3.469446951953614e-18,8.673617379884035e-19,0.0,6.938893903907228e-18,3.469446951953614e-18,3.469446951953614e-18,0.0,3.469446951953614e-18,3.469446951953614e-18,0.0,0.0,1.734723475976807e-18,3.469446951953614e-18,0.0,8.673617379884035e-19,0.0,0.0,0.16666666666666669,0.6666666666666666,0.0,0.0,0.1666666666666667,0.0,0.0,0.0,0.0,3.469446951953614e-18,0.0,0.0,0.0,8.673617379884035e-19,4.336808689942018e-19,3.469446951953614e-18,0.0,0.0,1.0,1.0,0.0,0.9999999999999999,-0.47461236353391956,0.13219133502530378,-0.7824595057587668,0.32258309691283915,0.0,-0.14813045748396766,-1.2890732488698518,1,centroid
0.0,0.0,0.0,0.0,0.0,0.0,0.0,0.0,0.2,0.6000000000000001,0.19999999999999998,0.0,0.0,0.0,0.0,0.0,0.0,0.0,0.0,0.0,0.0,0.0,0.0,0.0,0.0,0.0,0.0,0.0,0.0,0.0,0.0,0.0,0.0,0.0,0.0,0.0,0.0,0.0,1.0,1.0,0.0,0.0,-0.0031906713514886498,0.00787169507562735,-0.5954917559325816,0.1151535506190342,0.0,-0.14363646363863836,0.5192758617775581,1,centroid
0.0,0.0,3.469446951953614e-18,0.0,0.0,0.0,0.0,0.0,3.469446951953614e-18,0.0,0.0,3.469446951953614e-18,0.0,0.0,0.0,0.0,0.0,0.0,0.0,0.0,0.0,6.938893903907228e-18,0.9999999999999999,0.0,6.938893903907228e-18,0.0,0.0,0.0,0.0,0.0,0.0,0.0,0.0,0.0,0.0,3.469446951953614e-18,0.0,0.0,1.0,1.0,0.0,5.551115123125783e-17,-0.4746123635339198,0.16490702974890303,-0.6439648762578889,0.22829693950656416,0.0,-0.14890726819986966,0.3779822039170552,1,centroid
0.0,0.0,3.469446951953614e-18,0.0,0.3333333333333333,0.0,0.0,0.0,3.469446951953614e-18,0.0,0.0,3.469446951953614e-18,0.0,0.0,0.0,0.0,0.0,0.0,0.0,0.0,0.0,6.938893903907228e-18,0.0,0.0,6.938893903907228e-18,0.0,0.0,0.0,0.0,0.0,0.0,0.0,0.0,0.0,0.0,0.6666666666666666,0.0,0.0,1.0,1.0,0.0,5.551115123125783e-17,-0.40913712850858197,1.866123155376055,-0.7132121910083278,0.47972669258996403,0.0,-0.1485390023789976,-0.735898853097863,1,centroid
0.0,0.0,0.0,0.0,0.0,0.0,0.0,0.0,0.49999999999999994,0.0,0.5,0.0,0.0,0.0,0.0,0.0,0.0,0.0,0.0,0.0,0.0,0.0,0.0,0.0,0.0,0.0,0.0,0.0,0.0,0.0,0.0,0.0,0.0,0.0,0.0,0.0,0.0,0.0,0.0,1.0,0.5,0.0,-0.3763995109959133,3.796349144068401,-0.5747175615074499,2.066877008928926,0.0,-0.14893603896712526,-0.7358960148647795,1,centroid
0.0,0.0,0.0,0.0,0.0,0.0,1.0,0.0,0.0,0.0,0.0,0.0,0.0,0.0,0.0,0.0,0.0,0.0,0.0,0.0,0.0,0.0,0.0,0.0,0.0,0.0,0.0,0.0,0.0,0.0,0.0,0.0,0.0,0.0,0.0,0.0,0.0,0.0,1.0,1.0,0.0,1.0,2.864624622758301,2.8148783023604285,-0.5747175615074499,-0.05456153271226061,0.0,-0.1489878263481854,-0.7358968807663983,1,centroid
0.0,0.0,0.0,0.0,0.0,0.0,0.0,0.0,0.0,0.0,1.0,0.0,0.0,0.0,0.0,0.0,0.0,0.0,0.0,0.0,0.0,0.0,0.0,0.0,0.0,0.0,0.0,0.0,0.0,0.0,0.0,0.0,0.0,0.0,0.0,0.0,0.0,0.0,0.0,1.0,0.0,0.0,3.846753148138367,0.557495366432092,0.6717341040004507,0.41686925431911415,0.0,-0.1489878263481854,-0.7358932006845188,1,centroid
0.0,0.0,0.0,0.0,0.0,0.0,0.0,0.0,0.0,0.0,0.0,0.0,1.0,0.0,0.0,0.0,0.0,0.0,0.0,0.0,0.0,0.0,0.0,0.0,0.0,0.0,0.0,0.0,0.0,0.0,0.0,0.0,0.0,0.0,0.0,0.0,0.0,0.0,0.0,1.0,0.0,0.0,3.061050327834314,2.5204370498480366,0.6717341040004507,3.4340262913199124,0.0,-0.1487806768239449,-0.7358986125696356,1,centroid
0.0,0.0,0.0,0.0,0.0,0.0,0.0,0.0,0.0,0.0,0.0,0.0,0.0,0.0,0.0,1.0,0.0,0.0,0.0,0.0,0.0,0.0,0.0,0.0,0.0,0.0,0.0,0.0,0.0,0.0,0.0,0.0,0.0,0.0,0.0,0.0,0.0,0.0,1.0,1.0,0.0,0.0,1.2932189821501974,3.796349144068401,-0.7824595057587668,2.774023189475988,0.0,-0.1476413544406219,1.3539607889476415,1,centroid
0.0,0.0,0.0,0.0,0.0,0.0,0.0,0.0,0.0,0.0,0.0,0.0,0.0,0.0,0.0,0.0,0.0,0.0,0.0,1.0,0.0,0.0,0.0,0.0,0.0,0.0,0.0,0.0,0.0,0.0,0.0,0.0,0.0,0.0,0.0,0.0,0.0,0.0,0.0,1.0,0.0,1.0,1.8824960973782363,3.698202059897604,-0.7824595057587668,3.3397401339136366,0.0,-0.1486425771411179,-0.7358929842091142,1,centroid
0.0,0.0,0.0,0.0,0.0,0.0,0.0,0.0,0.0,0.0,0.0,0.0,0.0,0.0,0.0,0.0,0.0,0.0,0.0,0.0,0.0,0.0,0.25,0.0,0.0,0.75,0.0,0.0,0.0,0.0,0.0,0.0,0.0,0.0,0.0,0.0,0.0,0.0,0.25,1.0,0.0,0.0,0.458409735577142,0.017686403492707115,-0.7824595057587668,-0.00741845400912311,0.0,-0.14899645757836213,-1.1764469055010829,1,centroid
0.0,0.0,0.49999999999999994,0.0,0.0,0.0,0.0,0.0,0.49999999999999994,0.0,0.0,0.0,0.0,0.0,0.0,0.0,0.0,0.0,0.0,0.0,0.0,0.0,0.0,0.0,0.0,0.0,0.0,0.0,0.0,0.0,0.0,0.0,0.0,0.0,0.0,0.0,0.0,0.0,1.0,1.0,1.0,0.0,-0.3763995109959133,0.7537895347736865,-0.6266530475702792,2.2554493237414754,0.0,-0.14833185285475703,-0.7358961231024819,1,centroid
0.0,0.0,3.469446951953614e-18,0.0,0.0,0.0,0.0,0.3333333333333333,3.469446951953614e-18,0.0,0.0,3.469446951953614e-18,0.0,0.0,0.0,0.0,0.0,0.0,0.0,0.0,0.0,6.938893903907228e-18,0.0,0.0,6.938893903907228e-18,0.0,0.0,0.0,0.0,0.0,0.0,0.0,0.6666666666666667,0.0,0.0,3.469446951953614e-18,0.0,0.0,0.6666666666666666,1.0,1.0,1.0,2.0134465674289115,1.8006917659288568,-0.6785885336331083,2.9311667851531125,0.0,-0.14868861036872685,-0.735893272842987,1,centroid
0.0,0.0,0.0,0.0,0.0,0.0,0.0,0.0,0.0,0.0,0.0,1.0,0.0,0.0,0.0,0.0,0.0,0.0,0.0,0.0,0.0,0.0,0.0,0.0,0.0,0.0,0.0,0.0,0.0,0.0,0.0,0.0,0.0,0.0,0.0,0.0,0.0,0.0,0.0,1.0,0.0,0.0,4.436030263366406,-0.42397547527588053,-0.5747175615074499,2.491164717257163,0.0,-0.1488152017446516,-0.7358968807663983,1,centroid
0.0,0.0,0.0,1.0,0.0,0.0,0.0,0.0,0.0,0.0,0.0,0.0,0.0,0.0,0.0,0.0,0.0,0.0,0.0,0.0,0.0,0.0,0.0,0.0,0.0,0.0,0.0,0.0,0.0,0.0,0.0,0.0,0.0,0.0,0.0,0.0,0.0,0.0,1.0,1.0,0.0,0.0,0.9003675719981714,0.18944380079160228,-0.7824595057587668,0.5347269510769578,0.0,-0.14889288281624186,-0.5775486996073764,1,centroid
0.0,0.0,0.0,0.0,0.0,0.0,0.0,0.0,0.0,0.0,0.0,1.0,0.0,0.0,0.0,0.0,0.0,0.0,0.0,0.0,0.0,0.0,0.0,0.0,0.0,0.0,0.0,0.0,0.0,0.0,0.0,0.0,0.0,0.0,0.0,0.0,0.0,0.0,1.0,1.0,0.0,1.0,1.4896446872262104,3.011172470702023,-0.5747175615074499,-0.05456153271226061,0.0,-0.1489878263481854,1.3539607889476415,1,centroid
0.0,0.0,3.469446951953614e-18,0.0,0.0,0.0,0.6666666666666666,0.0,3.469446951953614e-18,0.0,0.0,3.469446951953614e-18,0.0,0.0,0.0,0.0,0.0,0.0,0.0,0.0,0.0,6.938893903907228e-18,0.0,0.0,6.938893903907228e-18,0.0,0.0,0.0,0.0,0.0,0.0,0.0,0.0,0.0,0.0,3.469446951953614e-18,0.0,0.0,0.6666666666666666,1.0,0.0,0.3333333333333333,0.4420409268208076,3.3056137232144147,-0.6439648762578889,0.41686925431911415,0.0,-0.14539723459468287,1.3496192544428767,1,centroid
0.0,0.0,0.0,0.0,0.0,0.0,0.0,0.0,0.0,0.0,0.0,0.0,0.0,0.0,0.0,0.0,0.0,0.0,0.0,0.0,0.0,0.0,0.0,0.0,0.0,0.0,0.0,0.0,0.0,0.0,0.0,0.0,0.0,0.0,0.0,0.0,0.0,0.5,1.0,1.0,1.0,0.0,-0.2781866584579068,3.6000549757268065,-0.7305240196959375,1.9254477728195132,0.0,-0.1179499226328123,1.3563442913907573,1,centroid
0.0,0.0,3.469446951953614e-18,0.0,0.0,0.0,0.0,0.9999999999999999,3.469446951953614e-18,0.0,0.0,3.469446951953614e-18,0.0,0.0,0.0,0.0,0.0,0.0,0.0,0.0,0.0,6.938893903907228e-18,0.0,0.0,6.938893903907228e-18,0.0,0.0,0.0,0.0,0.0,0.0,0.0,0.0,0.0,0.0,3.469446951953614e-18,0.0,0.0,1.0,1.0,0.0,5.551115123125783e-17,-0.2781866584579066,2.5204370498480366,-0.7824595057587668,2.302592402444613,0.0,-0.1489878263481854,-1.8856360202152025,1,centroid
0.0,0.0,0.0,0.0,0.0,0.0,0.0,0.0,0.0,0.0,0.0,0.0,0.0,0.0,0.0,0.0,0.0,0.0,0.0,0.0,0.0,0.0,0.0,0.0,0.0,0.0,0.0,0.0,0.0,0.0,0.0,0.0,0.0,0.0,0.0,1.0,0.0,0.0,0.0,1.0,0.0,0.0,-0.08176095338189371,3.796349144068401,-0.7824595057587668,3.5283124487261874,0.0,-0.1489878263481854,1.367716718537378,1,centroid
0.0,0.0,0.0,1.0,0.0,0.0,0.0,0.0,0.0,0.0,0.0,0.0,0.0,0.0,0.0,0.0,0.0,0.0,0.0,0.0,0.0,0.0,0.0,0.0,0.0,0.0,0.0,0.0,0.0,0.0,0.0,0.0,0.0,0.0,0.0,0.0,0.0,0.0,0.0,1.0,1.0,0.0,4.436030263366406,0.7537895347736864,-0.5747175615074499,1.3597308283818637,0.0,-0.146087733008818,-0.7359004165313412,1,centroid
0.0,0.0,3.469446951953614e-18,0.0,0.0,0.0,0.0,0.0,3.469446951953614e-18,0.0,0.0,3.469446951953614e-18,0.0,0.0,0.0,0.0,0.0,0.0,0.0,0.0,0.0,6.938893903907228e-18,0.0,0.0,6.938893903907228e-18,0.0,0.0,0.0,0.0,0.0,0.0,1.0,0.0,0.0,0.0,3.469446951953614e-18,0.0,0.0,0.0,1.0,0.0,1.0,-0.4746123635339198,-0.22768130693428568,-0.7824595057587668,0.19686822037113916,0.0,-0.1488957598929674,0.5345919216341957,1,centroid
0.0,0.0,3.469446951953614e-18,3.469446951953614e-18,8.673617379884035e-19,0.0,6.938893903907228e-18,3.469446951953614e-18,3.469446951953614e-18,0.0,0.5,0.3333333333333333,0.1666666666666667,0.0,1.734723475976807e-18,3.469446951953614e-18,0.0,8.673617379884035e-19,0.0,0.0,0.0,6.938893903907228e-18,0.0,0.0,6.938893903907228e-18,0.0,0.0,0.0,0.0,3.469446951953614e-18,0.0,0.0,0.0,8.673617379884035e-19,4.336808689942018e-19,3.469446951953614e-18,0.0,0.0,1.0,1.0,0.0,0.0,-0.01628571835655601,2.651299828742433,-0.7824595057587668,2.428307278986313,0.0,-0.1489878263481854,-1.885635688797008,1,centroid
0.0,0.0,0.0,0.0,0.0,0.0,0.0,0.0,0.0,1.0,0.0,0.0,0.0,0.0,0.0,0.0,0.0,0.0,0.0,0.0,0.0,0.0,0.0,0.0,0.0,0.0,0.0,0.0,0.0,0.0,0.0,0.0,0.0,0.0,0.0,0.0,0.0,0.0,1.0,1.0,1.0,0.0,2.4717732126062755,3.3056137232144147,-0.6785885336331083,0.41686925431911415,0.0,-0.1490568761895989,-0.7358941387446057,1,centroid
0.0,0.0,0.0,0.0,0.0,0.0,0.0,0.0,0.0,0.0,0.0,0.0,0.0,0.0,0.0,0.0,0.0,0.0,0.0,0.0,0.0,0.0,0.0,1.0,0.0,0.0,0.0,0.0,0.0,0.0,0.0,0.0,0.0,0.0,0.0,0.0,0.0,0.0,0.25,1.0,0.0,1.0,-0.4746123635339198,0.06675994557810572,-0.7824595057587668,0.4875838723738203,0.0,-0.14832322162458036,0.3789064937935746,1,centroid
0.0,0.0,0.0,0.0,0.0,0.0,0.5,0.0,0.0,0.5,0.0,0.0,0.0,0.0,0.0,0.0,0.0,0.0,0.0,0.0,0.0,0.0,0.0,0.0,0.0,0.0,0.0,0.0,0.0,0.0,0.0,0.0,0.0,0.0,0.0,0.0,0.0,0.0,0.5,1.0,0.0,0.0,0.9985804245361778,0.45934828226129465,0.6717341040004507,3.2925970552105,0.0,-0.1441198125285329,1.3555627069421974,1,centroid
0.0,0.0,3.469446951953614e-18,0.0,0.0,0.0,0.0,0.0,3.469446951953614e-18,0.0,0.0,3.469446951953614e-18,0.0,0.0,0.6666666666666666,0.0,0.0,0.0,0.0,0.0,0.0,6.938893903907228e-18,0.0,0.0,6.938893903907228e-18,0.0,0.0,0.0,0.3333333333333333,0.0,0.0,0.0,0.0,0.0,0.0,3.469446951953614e-18,0.0,0.0,1.0,1.0,0.33333333333333337,1.0,-0.4746123635339198,-0.1295342227634887,-0.6785885336331083,-0.05456153271226061,0.0,-0.14868861036872685,0.39592442791192756,1,centroid
0.0,0.0,0.0,0.0,0.0,0.0,0.0,0.0,0.0,0.0,0.0,0.0,0.0,0.0,0.0,0.0,0.0,0.0,0.0,0.0,0.0,0.0,0.0,0.0,0.0,0.0,0.0,0.0,0.0,0.0,0.0,0.0,0.0,0.0,0.0,0.0,0.0,0.0,0.0,1.0,0.0,0.0,2.2753475075302627,3.698202059897604,-0.5747175615074499,-0.05456153271226061,0.0,-0.1490568761895989,1.3658885837449424,1,centroid
0.0,0.0,0.0,0.0,0.0,0.0,0.0,0.0,0.0,0.0,0.0,0.0,0.0,0.0,0.0,0.0,0.0,0.0,0.0,0.0,0.0,0.0,0.0,0.0,0.0,0.0,0.0,0.0,0.0,0.0,0.0,0.0,0.0,0.0,0.0,0.0,0.0,0.0,0.0,1.0,0.0,0.0,0.7039418669221583,-0.42397547527588053,0.6717341040004507,3.2454539765073624,0.0,-0.1483663777754638,-0.7358913967228132,1,centroid
0.0,1.0,0.0,0.0,0.0,0.0,0.0,0.0,0.0,0.0,0.0,0.0,0.0,0.0,0.0,0.0,0.0,0.0,0.0,0.0,0.0,0.0,0.0,0.0,0.0,0.0,0.0,0.0,0.0,0.0,0.0,0.0,0.0,0.0,0.0,0.0,0.0,0.0,1.0,1.0,0.0,1.0,1.4896446872262104,-0.03138713859269149,-0.7824595057587668,3.2454539765073624,0.0,-0.1487461519032381,1.365884903663063,1,centroid
0.0,0.0,0.0,0.0,0.0,0.0,0.0,0.0,0.0,0.0,1.0,0.0,0.0,0.0,0.0,0.0,0.0,0.0,0.0,0.0,0.0,0.0,0.0,0.0,0.0,0.0,0.0,0.0,0.0,0.0,0.0,0.0,0.0,0.0,0.0,0.0,0.0,0.0,1.0,1.0,0.0,1.0,0.9003675719981714,2.716731218189631,0.6717341040004507,3.0568816616948125,0.0,-0.1482628030133436,-0.7358968807663983,1,centroid
0.0,0.0,0.0,0.0,0.0,0.0,0.0,0.0,0.0,0.0,0.0,0.0,0.0,0.0,0.0,0.0,0.0,0.0,0.0,0.75,0.0,0.0,0.0,0.0,0.0,0.0,0.0,0.0,0.0,0.0,0.0,0.0,0.0,0.0,0.0,0.0,0.0,0.0,1.0,1.0,0.0,0.5,-0.3763995109959132,0.09129671662080496,-0.7824595057587668,0.22829693950656416,0.0,-0.14843542761687734,-0.9526131015713661,1,centroid
0.0,0.0,0.0,0.0,0.0,0.0,0.0,0.0,0.0,0.0,0.0,0.0,0.0,0.0,0.0,0.0,0.0,0.0,0.0,0.0,0.0,0.0,0.0,0.0,0.0,0.0,0.0,0.0,0.0,0.0,1.0,0.0,0.0,0.0,0.0,0.0,0.0,0.0,0.0,1.0,0.0,1.0,-0.4746123635339198,2.716731218189631,-0.7824595057587668,1.3597308283818637,0.0,-0.1488842515860652,1.365884903663063,1,centroid
0.0,0.0,0.0,0.0,0.0,0.0,0.0,0.0,0.0,0.0,0.0,0.0,0.0,0.0,0.0,0.0,0.0,0.0,0.0,0.0,0.0,0.0,0.0,0.0,0.0,0.0,0.0,0.0,1.0,0.0,0.0,0.0,0.0,0.0,0.0,0.0,0.0,0.0,0.0,1.0,1.0,0.0,2.864624622758301,1.1463778714568753,-0.6785885336331083,0.32258309691283915,0.0,-0.1392517987088804,1.3524002177553776,1,centroid
0.16666666666666663,0.0,3.469446951953614e-18,3.469446951953614e-18,8.673617379884035e-19,0.16666666666666666,6.938893903907228e-18,3.469446951953614e-18,3.469446951953614e-18,0.0,3.469446951953614e-18,3.469446951953614e-18,0.0,0.0,1.734723475976807e-18,3.469446951953614e-18,0.0,8.673617379884035e-19,0.0,0.0,0.0,6.938893903907228e-18,0.0,0.0,0.3333333333333333,0.0,0.0,0.0,0.0,3.469446951953614e-18,0.0,0.0,0.0,8.673617379884035e-19,4.336808689942018e-19,0.16666666666666666,0.0,0.0,1.1102230246251565e-16,1.0,0.16666666666666669,0.16666666666666663,-0.1472361884072314,0.2630541139197001,-0.7478358483835473,0.44829797345453914,0.0,-0.14728459692665216,-0.8248848171483407,1,centroid
0.0,0.0,0.0,0.0,0.0,0.0,0.0,0.0,0.0,0.0,0.5,0.0,0.0,0.0,0.0,0.0,0.0,0.0,0.0,0.0,0.0,0.0,0.5,0.0,0.0,0.0,0.0,0.0,0.0,0.0,0.0,0.0,0.0,0.0,0.0,0.0,0.0,0.0,0.5,1.0,1.0,0.0,1.0967932770741844,-0.2767548490196846,-0.6266530475702792,1.3125877496787262,0.0,-0.14902235126889213,-0.7358946077746492,1,centroid
0.0,0.0,1.0,0.0,0.0,0.0,0.0,0.0,0.0,0.0,0.0,0.0,0.0,0.0,0.0,0.0,0.0,0.0,0.0,0.0,0.0,0.0,0.0,0.0,0.0,0.0,0.0,0.0,0.0,0.0,0.0,0.0,0.0,0.0,0.0,0.0,0.0,0.0,1.0,1.0,1.0,0.0,1.4896446872262104,1.5389662081400644,-0.7824595057587668,1.3597308283818637,0.0,-0.1490568761895989,1.367716718537378,1,centroid
0.0,0.0,0.0,1.0,0.0,0.0,0.0,0.0,0.0,0.0,0.0,0.0,0.0,0.0,0.0,0.0,0.0,0.0,0.0,0.0,0.0,0.0,0.0,0.0,0.0,0.0,0.0,0.0,0.0,0.0,0.0,0.0,0.0,0.0,0.0,0.0,0.0,0.0,0.5,1.0,1.0,0.0,2.471773212606275,0.06675994557810572,-0.7824595057587668,1.3125877496787262,0.0,-0.14850447745829085,1.3474464667533843,1,centroid
0.0,0.0,0.0,0.0,0.0,1.0,0.0,0.0,0.0,0.0,0.0,0.0,0.0,0.0,0.0,0.0,0.0,0.0,0.0,0.0,0.0,0.0,0.0,0.0,0.0,0.0,0.0,0.0,0.0,0.0,0.0,0.0,0.0,0.0,0.0,0.0,0.0,0.0,1.0,1.0,0.0,1.0,2.078921802454249,0.7537895347736864,0.6717341040004507,0.22829693950656416,0.0,-0.1024482332354792,-0.7358938501107328,1,centroid
0.0,0.6666666666666667,0.33333333333333326,0.0,0.0,0.0,0.0,0.0,3.469446951953614e-18,0.0,0.0,3.469446951953614e-18,0.0,0.0,0.0,0.0,0.0,0.0,0.0,0.0,0.0,6.938893903907228e-18,0.0,0.0,6.938893903907228e-18,0.0,0.0,0.0,0.0,0.0,0.0,0.0,0.0,0.0,0.0,3.469446951953614e-18,0.0,0.0,1.0,1.0,0.0,5.551115123125783e-17,2.6027236826569506,0.9173680083916818,-0.7824595057587668,0.7625851648087889,0.0,-0.14897631804128317,-1.8856408321127975,1,centroid
0.0,0.0,0.0,0.0,0.0,0.0,0.0,0.0,0.0,0.0,0.0,0.0,0.0,0.0,0.0,0.0,0.0,0.0,0.0,0.0,0.0,0.0,0.0,0.0,0.0,0.0,0.0,0.0,0.0,0.0,1.0,0.0,0.0,0.0,0.0,0.0,0.0,0.0,1.0,1.0,1.0,0.0,1.4896446872262104,-0.03138713859269149,-0.6785885336331083,0.03972462469401428,0.0,-0.1489533014274787,1.3658885837449424,1,centroid
0.0,0.0,0.0,0.0,0.0,0.0,0.0,0.0,0.0,0.0,0.0,0.0,0.0,0.0,0.0,0.0,0.0,0.0,0.0,0.0,0.0,0.0,0.0,1.0,0.0,0.0,0.0,0.0,0.0,0.0,0.0,0.0,0.0,0.0,0.0,0.0,0.0,0.0,0.0,1.0,1.0,0.0,0.5075161618461452,1.3426720397984695,-0.6785885336331083,2.491164717257163,0.0,-0.1488842515860652,1.3425865217600812,1,centroid
0.0,0.0,0.0,0.0,0.0,0.0,0.0,0.0,0.0,0.0,0.0,0.0,0.0,1.0,0.0,0.0,0.0,0.0,0.0,0.0,0.0,0.0,0.0,0.0,0.0,0.0,0.0,0.0,0.0,0.0,0.0,0.0,0.0,0.0,0.0,0.0,0.0,0.0,0.0,1.0,0.0,0.0,-0.4746123635339198,-0.2276813069342859,0.6717341040004507,0.13401078210028916,0.0,-0.0868429690760257,-0.7358911802474086,1,centroid
0.0,0.0,3.469446951953614e-18,0.0,0.0,0.0,0.0,0.0,3.469446951953614e-18,0.0,0.0,3.469446951953614e-18,0.0,0.0,0.0,0.0,0.0,0.0,0.0,0.0,0.0,6.938893903907228e-18,0.0,0.0,6.938893903907228e-18,0.0,0.9999999999999999,0.0,0.0,0.0,0.0,0.0,0.0,0.0,0.0,3.469446951953614e-18,0.0,0.0,0.0,1.0,0.6666666666666667,1.0,-0.4746123635339198,0.06675994557810572,-0.7132121910083278,0.29115437777741415,0.0,-0.14868861036872685,0.5276039699496233,1,centroid
0.0,0.0,0.0,0.0,0.0,0.0,0.0,0.0,0.0,0.0,0.0,0.0,0.0,0.0,0.0,0.0,0.0,0.0,0.0,0.0,0.0,0.0,0.0,0.5,0.0,0.0,0.0,0.0,0.0,0.0,0.0,0.0,0.0,0.0,0.0,0.0,0.0,0.0,0.5,1.0,0.5,0.0,3.453901737986341,0.6556424506028892,-0.7824595057587668,3.3397401339136374,0.0,-0.1484526900772307,-0.73589294812988,1,centroid
0.0,0.0,0.0,0.0,0.0,0.0,0.0,0.0,0.0,0.0,0.0,0.0,0.0,0.0,0.0,0.0,0.0,0.0,0.0,0.0,0.0,0.0,0.0,0.0,0.0,0.0,0.0,0.0,0.0,0.0,0.0,0.0,0.0,0.0,0.0,1.0,0.0,0.0,1.0,1.0,0.0,0.0,-0.4746123635339198,0.7537895347736864,-0.7824595057587668,3.4340262913199124,0.0,-0.1486080522204111,-0.7358941387446057,1,centroid
0.0,0.0,0.0,0.0,0.0,0.0,0.0,0.0,0.0,0.0,0.0,0.0,0.0,0.0,0.0,0.0,0.0,0.0,0.0,0.0,0.0,0.0,0.0,0.0,0.0,0.0,0.0,0.0,0.0,0.0,0.0,0.0,0.0,0.0,0.0,0.0,0.0,1.0,0.0,1.0,0.0,0.0,3.257476032910328,2.422289965677239,-0.5747175615074499,2.302592402444613,0.0,-0.1488842515860652,1.3524002177553776,1,centroid
0.0,0.0,0.0,0.0,0.0,0.0,0.0,0.0,0.0,0.0,0.0,0.0,0.0,0.0,0.0,0.0,0.0,0.0,0.0,0.0,0.0,0.0,0.0,0.0,0.0,0.0,0.0,0.0,0.0,0.0,0.0,0.0,0.0,0.0,0.0,0.0,0.0,0.0,1.0,1.0,1.0,0.0,3.4539017379863406,3.796349144068401,0.6717341040004507,3.0568816616948125,0.0,-0.1482628030133436,-0.7358995506297225,1,centroid
0.0,0.0,3.469446951953614e-18,0.0,0.0,0.0,0.0,0.0,3.469446951953614e-18,0.0,0.0,3.469446951953614e-18,0.0,0.0,0.0,0.0,0.0,0.0,0.0,0.0,0.0,6.938893903907228e-18,0.0,0.0,6.938893903907228e-18,0.0,0.0,0.0,0.0,0.0,1.0,0.0,0.0,0.0,0.0,3.469446951953614e-18,0.0,0.0,1.0,1.0,0.0,0.3333333333333333,-0.4746123635339198,-0.16224991748708784,-0.7478358483835473,0.32258309691283915,0.0,-0.13334803726802522,0.519888017801462,1,centroid
0.0,0.0,0.0,0.0,0.0,0.0,0.0,0.0,0.0,0.0,0.0,0.0,0.0,0.0,0.0,0.0,0.0,0.0,0.0,0.0,0.0,0.0,1.0,0.0,0.0,0.0,0.0,0.0,0.0,0.0,0.0,0.0,0.0,0.0,0.0,0.0,0.0,0.0,1.0,1.0,1.0,1.0,1.8824960973782363,3.796349144068401,0.6717341040004507,3.4340262913199124,0.0,-0.148055653489103,1.3539601395214276,1,centroid
0.0,0.0,0.0,0.0,0.0,0.0,1.0,0.0,0.0,0.0,0.0,0.0,0.0,0.0,0.0,0.0,0.0,0.0,0.0,0.0,0.0,0.0,0.0,0.0,0.0,0.0,0.0,0.0,0.0,0.0,0.0,0.0,0.0,0.0,0.0,0.0,0.0,0.0,1.0,1.0,1.0,1.0,0.9003675719981714,0.36120119809049733,-0.5747175615074499,1.076872356163039,0.0,-0.1489878263481854,-0.7358976745095487,1,centroid
0.0,0.0,0.0,0.0,0.0,0.0,0.0,0.0,0.0,0.0,0.0,0.0,0.0,0.0,0.0,0.0,0.0,0.0,0.0,0.25,0.0,0.25,0.0,0.0,0.0,0.0,0.0,0.0,0.0,0.0,0.0,0.0,0.0,0.0,0.0,0.0,0.0,0.0,0.0,1.0,0.0,1.0,-0.3763995109959133,-0.03138713859269149,-0.7824595057587668,0.27544001820970165,0.0,-0.14834048408493375,0.7326445624660525,1,centroid
0.0,0.0,0.0,0.0,0.0,0.0,0.0,0.0,0.0,0.0,0.0,0.0,0.0,0.0,0.0,0.0,0.0,0.0,1.0,0.0,0.0,0.0,0.0,0.0,0.0,0.0,0.0,0.0,0.0,0.0,0.0,0.0,0.0,0.0,0.0,0.0,0.0,0.0,1.0,1.0,1.0,1.0,3.4539017379863406,2.716731218189631,-0.5747175615074499,0.8883000413504888,0.0,-0.0868429690760257,1.367716718537378,1,centroid
0.0,0.0,0.0,0.0,0.0,0.0,0.0,0.0,0.0,0.0,0.0,0.25,0.0,0.75,0.0,0.0,0.0,0.0,0.0,0.0,0.0,0.0,0.0,0.0,0.0,0.0,0.0,0.0,0.0,0.0,0.0,0.0,0.0,0.0,0.0,0.0,0.0,0.0,1.0,1.0,0.0,0.0,0.3110904567701322,0.5329585953893927,-0.6785885336331083,-0.05456153271226061,0.0,-0.14854763360917425,0.5130372535278629,1,centroid
0.0,0.0,0.0,0.0,0.0,0.0,0.0,0.24999999999999997,0.0,0.0,0.0,0.0,0.0,0.0,0.0,0.0,0.0,0.25,0.0,0.5,0.0,0.0,0.0,0.0,0.0,0.0,0.0,0.0,0.0,0.0,0.0,0.0,0.0,0.0,0.0,0.0,0.0,0.0,1.0,1.0,0.0,0.0,-0.2781866584579068,0.14037025870620357,-0.6006853045388645,0.22829693950656416,0.0,-0.1452763973722092,0.7279221915840157,1,centroid
0.0,0.5,0.0,0.0,0.0,0.0,0.0,0.0,0.0,0.0,0.0,0.0,0.0,0.0,0.0,0.0,0.0,0.0,0.0,0.0,0.0,0.0,0.0,0.0,0.0,0.0,0.0,0.0,0.0,0.0,0.0,0.0,0.5,0.0,0.0,0.0,0.0,0.0,0.0,1.0,0.0,0.5,2.373560360068269,3.6491285178122053,-0.6266530475702792,0.9354431200536263,0.0,-0.14850447745829085,-0.7358929481298802,1,centroid
0.0,0.0,0.0,0.0,0.0,0.0,0.0,0.0,0.0,0.0,0.0,0.0,0.25000000000000006,0.0,0.0,0.0,0.0,0.0,0.0,0.0,0.0,0.0,0.0,0.0,0.75,0.0,0.0,0.0,0.0,0.0,0.0,0.0,0.0,0.0,0.0,0.0,0.0,0.0,1.0,1.0,0.25,0.0,0.5566225881151485,-0.055923909635390845,-0.7824595057587668,0.01615308534244564,0.0,-0.14896193265765534,-1.2518760907002753,1,centroid
0.0,0.0,0.0,0.0,0.0,0.0,0.0,0.0,0.0,0.0,0.0,0.0,0.0,0.0,0.0,0.0,0.0,0.0,0.0,0.0,0.0,0.0,0.0,0.0,0.0,0.0,0.0,0.0,0.0,0.0,1.0,0.0,0.0,0.0,0.0,0.0,0.0,0.0,1.0,1.0,0.0,1.0,2.864624622758301,1.3426720397984695,-0.6785885336331083,1.076872356163039,0.0,-0.1488842515860652,-0.7358976745095487,1,centroid
0.0,0.0,0.0,0.0,0.0,0.0,0.0,0.0,0.0,0.0,0.0,0.0,0.0,0.0,1.0,0.0,0.0,0.0,0.0,0.0,0.0,0.0,0.0,0.0,0.0,0.0,0.0,0.0,0.0,0.0,0.0,0.0,0.0,0.0,0.0,0.0,0.0,0.0,1.0,1.0,0.0,0.0,0.9003675719981714,0.0667599455781057,0.6717341040004506,0.6997277265379389,0.0,-0.1486771020618246,0.5395311967746195,0,original
0.0,0.0,0.0,0.0,0.0,0.0,0.0,0.0,0.0,0.0,0.0,0.0,0.0,0.0,0.0,0.0,0.0,0.0,0.0,0.0,0.0,0.0,0.0,0.0,0.0,0.0,0.0,0.0,0.0,0.0,0.0,0.0,1.0,0.0,0.0,0.0,0.0,0.0,1.0,1.0,0.0,1.0,-0.4746123635339198,-0.4239754752758805,-0.7824595057587668,-0.4317061623373604,0.0,-0.1487116269825314,0.530035449543849,0,original
0.0,0.0,0.0,0.0,0.0,0.0,0.0,0.0,0.0,0.0,0.0,0.0,0.0,0.0,0.0,0.0,0.0,0.0,0.0,0.0,0.0,0.0,0.0,1.0,0.0,0.0,0.0,0.0,0.0,0.0,0.0,0.0,0.0,0.0,0.0,0.0,0.0,0.0,1.0,0.0,0.0,1.0,-0.4746123635339198,-0.6202696436174749,1.9181857695083515,-0.7145646345561852,0.0,-0.1180189724742258,0.5401698166916171,0,original
0.0,0.0,0.0,0.0,0.0,0.0,0.0,0.0,0.0,0.0,0.0,0.0,0.0,0.0,0.0,0.0,0.0,0.0,0.0,1.0,0.0,0.0,0.0,0.0,0.0,0.0,0.0,0.0,0.0,0.0,0.0,0.0,0.0,0.0,0.0,0.0,0.0,0.0,1.0,1.0,0.0,1.0,-0.4746123635339198,-0.4239754752758805,-0.4708465893817916,-0.4317061623373604,0.0,-0.1489878263481854,0.5228823072991982,0,original
0.0,0.0,0.0,0.0,0.0,0.0,0.0,0.0,1.0,0.0,0.0,0.0,0.0,0.0,0.0,0.0,0.0,0.0,0.0,0.0,0.0,0.0,0.0,0.0,0.0,0.0,0.0,0.0,0.0,0.0,0.0,0.0,0.0,0.0,0.0,0.0,0.0,0.0,1.0,1.0,0.0,0.0,-0.2781866584579068,2.5204370498480366,-0.7824595057587668,2.302592402444613,0.0,-0.1489878263481854,-1.885636259888891,1,original
0.0,0.0,0.0,0.0,0.0,0.0,0.0,0.0,0.0,0.0,0.0,0.0,0.0,0.0,0.0,0.0,0.0,0.0,0.0,0.0,0.0,0.0,0.0,1.0,0.0,0.0,0.0,0.0,0.0,0.0,0.0,0.0,0.0,0.0,0.0,0.0,0.0,0.0,1.0,1.0,0.0,1.0,-0.4746123635339198,-0.5221225594466777,-0.2631046451304747,-0.5259923197436354,0.0,-0.1487806768239449,0.5124342890611037,0,original
0.0,0.0,0.0,0.0,0.0,0.0,0.0,0.0,0.0,0.0,0.0,0.0,0.0,0.0,0.0,0.0,0.0,0.0,0.0,0.0,0.0,0.0,0.0,1.0,0.0,0.0,0.0,0.0,0.0,0.0,0.0,0.0,0.0,0.0,0.0,0.0,0.0,0.0,1.0,1.0,0.0,0.0,2.2753475075302627,3.796349144068401,-0.7824595057587668,3.5283124487261874,0.0,-0.1488152017446516,-1.885631932519112,1,original
0.0,0.0,0.0,0.0,0.0,0.0,0.0,0.0,0.0,0.0,0.0,0.0,0.0,0.0,0.0,0.0,0.0,0.0,0.0,0.0,0.0,0.0,0.0,1.0,0.0,0.0,0.0,0.0,0.0,0.0,0.0,0.0,0.0,0.0,0.0,0.0,0.0,0.0,1.0,1.0,0.0,1.0,-0.4746123635339198,-0.2276813069342859,1.2949599367544011,-0.0545615327122606,0.0,-0.1470544307886071,0.5242130567248835,0,original
0.0,0.0,0.0,0.0,0.0,0.0,0.0,0.0,0.0,0.0,0.0,0.0,0.0,0.0,0.0,0.0,0.0,0.0,0.0,0.0,0.0,0.0,0.0,1.0,0.0,0.0,0.0,0.0,0.0,0.0,0.0,0.0,0.0,0.0,0.0,0.0,0.0,0.0,1.0,0.0,0.0,1.0,-0.4746123635339198,-0.6202696436174749,0.0485082712465003,-0.7145646345561852,0.0,-0.146640131740126,0.512606302009818,0,original
0.0,0.0,0.0,0.0,0.0,0.0,0.0,0.0,0.0,0.0,0.0,0.0,0.0,0.0,0.0,0.0,0.0,0.0,0.0,0.0,0.0,0.0,0.0,0.0,0.0,0.0,0.0,0.0,0.0,0.0,1.0,0.0,0.0,0.0,0.0,0.0,0.0,0.0,1.0,1.0,0.0,1.0,-0.4746123635339198,-0.3258283911050832,-0.5747175615074499,-0.3374200049310855,0.0,-0.1489187765067719,0.5112608228831543,0,original
0.0,0.0,0.0,0.0,0.0,0.0,0.0,0.0,0.0,0.0,0.0,0.0,0.0,0.0,0.0,1.0,0.0,0.0,0.0,0.0,0.0,0.0,0.0,0.0,0.0,0.0,0.0,0.0,0.0,0.0,0.0,0.0,0.0,0.0,0.0,0.0,0.0,0.0,1.0,1.0,0.0,0.0,0.5075161618461452,2.913025386531225,-0.7824595057587668,2.679737032069713,0.0,-0.1489878263481854,-1.8856351780464464,1,original
0.0,0.0,0.0,0.0,0.0,0.0,0.0,0.0,0.0,0.0,0.0,0.0,0.0,0.0,0.0,0.0,0.0,0.0,0.0,0.0,0.0,0.0,0.0,0.0,1.0,0.0,0.0,0.0,0.0,0.0,0.0,0.0,0.0,0.0,0.0,0.0,0.0,0.0,1.0,1.0,0.0,0.0,1.0967932770741844,0.1649070297489029,1.5027018810057178,1.5483031431944134,0.0,-0.1394589482331209,0.5396048452795117,0,original
0.0,0.0,0.0,0.0,0.0,0.0,0.0,0.0,0.0,0.0,0.0,0.0,0.0,0.0,0.0,0.0,0.0,0.0,0.0,0.0,0.0,0.0,0.0,0.0,1.0,0.0,0.0,0.0,0.0,0.0,0.0,0.0,0.0,0.0,0.0,0.0,0.0,0.0,1.0,1.0,0.0,0.0,1.4896446872262104,0.3612011980904974,0.6717341040004506,1.4540169857881384,0.0,-0.1236120096287202,0.5395937771991154,0,original
0.0,0.0,0.0,0.0,0.0,0.0,0.0,0.0,0.0,0.0,0.0,0.0,0.0,0.0,0.0,0.0,0.0,0.0,0.0,0.0,0.0,0.0,0.0,1.0,0.0,0.0,0.0,0.0,0.0,0.0,0.0,0.0,0.0,0.0,0.0,0.0,0.0,0.0,1.0,0.0,0.0,1.0,-0.4746123635339198,-0.6202696436174749,1.3988309088800597,-0.7145646345561852,0.0,-0.1487116269825314,0.5242182162811585,0,original
0.0,0.0,0.0,0.0,0.0,0.0,0.0,0.0,0.0,0.0,0.0,0.0,0.0,0.0,0.0,0.0,0.0,0.0,0.0,0.0,0.0,0.0,0.0,0.0,0.0,0.0,0.0,0.0,0.0,0.0,0.0,0.0,1.0,0.0,0.0,0.0,0.0,0.0,1.0,0.0,0.0,1.0,-0.4746123635339198,-0.6202696436174749,-0.6785885336331083,-0.7145646345561852,0.0,-0.1444995866563072,0.5227222778360257,0,original
0.0,0.0,0.0,0.0,0.0,0.0,0.0,0.0,0.0,0.0,0.0,0.0,0.0,0.0,0.0,0.0,0.0,0.0,0.0,0.0,0.0,0.0,0.0,1.0,0.0,0.0,0.0,0.0,0.0,0.0,0.0,0.0,0.0,0.0,0.0,0.0,0.0,0.0,1.0,0.0,0.0,1.0,-0.4746123635339198,-0.6202696436174749,2.125927713759668,-0.7145646345561852,0.0,-0.133520661871559,0.5402089294569271,0,original
0.0,0.0,0.0,0.0,0.0,0.0,0.0,0.0,0.0,0.0,0.0,0.0,0.0,0.0,0.0,0.0,0.0,0.0,0.0,0.0,0.0,0.0,0.0,0.0,0.0,0.0,0.0,0.0,0.0,0.0,0.0,0.0,1.0,0.0,0.0,0.0,0.0,0.0,1.0,1.0,0.0,1.0,-0.4746123635339198,-0.1295342227634887,-0.6785885336331083,-0.4317061623373604,0.0,-0.1488152017446516,0.5300474330293907,0,original
0.0,0.0,0.0,0.0,0.0,1.0,0.0,0.0,0.0,0.0,0.0,0.0,0.0,0.0,0.0,0.0,0.0,0.0,0.0,0.0,0.0,0.0,0.0,0.0,0.0,0.0,0.0,0.0,0.0,0.0,0.0,0.0,0.0,0.0,0.0,0.0,0.0,0.0,1.0,1.0,0.0,0.0,-0.2781866584579068,-0.3258283911050832,-0.7824595057587668,0.4168692543191141,0.0,-0.1476413544406219,0.524543351545129,1,original
0.0,0.0,0.0,0.0,0.0,0.0,0.0,0.0,0.0,0.0,0.0,0.0,0.0,0.0,0.0,0.0,0.0,0.0,0.0,0.0,0.0,0.0,0.0,1.0,0.0,0.0,0.0,0.0,0.0,0.0,0.0,0.0,0.0,0.0,0.0,0.0,0.0,0.0,1.0,0.0,0.0,1.0,-0.4746123635339198,-0.6202696436174749,0.7756050761261091,-0.7145646345561852,0.0,-0.1443614869734802,0.5126335145082359,0,original
0.0,0.0,0.0,0.0,0.0,0.0,0.0,0.0,0.0,0.0,0.0,0.0,0.0,0.0,1.0,0.0,0.0,0.0,0.0,0.0,0.0,0.0,0.0,0.0,0.0,0.0,0.0,0.0,0.0,0.0,0.0,0.0,0.0,0.0,0.0,0.0,0.0,0.0,1.0,1.0,0.0,0.0,-0.2781866584579068,-0.5221225594466777,0.6717341040004506,-0.0545615327122606,0.0,11.00235441240956,0.5395205447874711,0,original
0.0,0.0,0.0,0.0,0.0,0.0,0.0,0.0,0.0,0.0,0.0,0.0,0.0,0.0,1.0,0.0,0.0,0.0,0.0,0.0,0.0,0.0,0.0,0.0,0.0,0.0,0.0,0.0,0.0,0.0,0.0,0.0,0.0,0.0,0.0,0.0,0.0,0.0,1.0,1.0,0.0,0.0,1.2932189821501974,0.2630541139197002,0.6717341040004506,0.9825861987567638,0.0,-0.1487461519032381,0.5395323618357137,0,original
0.0,0.0,0.0,0.0,0.0,0.0,0.0,0.0,0.0,0.0,0.0,0.0,0.0,0.0,0.0,0.0,0.0,0.0,0.0,0.0,0.0,0.0,0.0,0.0,0.0,0.0,0.0,0.0,0.0,0.0,1.0,0.0,0.0,0.0,0.0,0.0,0.0,0.0,1.0,0.0,0.0,1.0,-0.4746123635339198,-0.6202696436174749,-0.5747175615074499,-0.7145646345561852,0.0,-0.1469508560264869,0.5111181028990976,0,original
0.0,0.0,0.0,0.0,0.0,0.0,0.0,0.0,0.0,0.0,0.0,0.0,0.0,0.0,1.0,0.0,0.0,0.0,0.0,0.0,0.0,0.0,0.0,0.0,0.0,0.0,0.0,0.0,0.0,0.0,0.0,0.0,0.0,0.0,0.0,0.0,0.0,0.0,1.0,1.0,0.0,0.0,0.5075161618461452,-0.1295342227634887,1.5027018810057178,1.1711585135693137,0.0,6.059766764030461,0.5395502538453769,0,original
0.0,0.0,0.0,0.0,0.0,0.0,0.0,0.0,0.0,0.0,0.0,0.0,0.0,0.0,0.0,0.0,0.0,0.0,0.0,0.0,0.0,0.0,0.0,1.0,0.0,0.0,0.0,0.0,0.0,0.0,0.0,0.0,0.0,0.0,0.0,0.0,0.0,0.0,1.0,0.0,0.0,1.0,-0.4746123635339198,-0.6202696436174749,0.3601211876234755,-0.7145646345561852,0.0,-0.1441888623699464,0.5117873472791465,0,original
0.0,0.0,0.0,0.0,0.0,0.0,0.0,0.0,0.0,0.0,0.0,0.0,0.0,0.0,0.0,0.0,0.0,0.0,0.0,0.0,0.0,0.0,0.0,0.0,0.0,0.0,0.0,0.0,0.0,0.0,0.0,0.0,1.0,0.0,0.0,0.0,0.0,0.0,1.0,0.0,0.0,1.0,-0.4746123635339198,-0.6202696436174749,-0.4708465893817916,-0.7145646345561852,0.0,-0.1488497266653584,0.530044686813954,0,original
0.0,0.0,0.0,0.0,0.0,0.0,0.0,0.0,0.0,0.0,0.0,0.0,0.0,0.0,0.0,0.0,0.0,0.0,0.0,0.0,0.0,0.0,0.0,1.0,0.0,0.0,0.0,0.0,0.0,0.0,0.0,0.0,0.0,0.0,0.0,0.0,0.0,0.0,1.0,1.0,0.0,1.0,-0.4746123635339198,-0.0313871385926915,1.2949599367544011,0.1340107821002892,0.0,-0.1487806768239449,0.5242145546605763,0,original
0.0,0.0,0.0,0.0,0.0,0.0,0.0,0.0,0.0,0.0,0.0,0.0,0.0,0.0,1.0,0.0,0.0,0.0,0.0,0.0,0.0,0.0,0.0,0.0,0.0,0.0,0.0,0.0,0.0,0.0,0.0,0.0,0.0,0.0,0.0,0.0,0.0,0.0,1.0,1.0,0.0,0.0,1.0967932770741844,0.1649070297489029,0.6717341040004506,0.8883000413504888,0.0,-0.1489533014274787,0.5395315296492178,0,original
0.0,0.0,0.0,0.0,0.0,0.0,0.0,0.0,0.0,0.0,0.0,0.0,0.0,0.0,0.0,0.0,0.0,0.0,0.0,0.0,0.0,0.0,0.0,1.0,0.0,0.0,0.0,0.0,0.0,0.0,0.0,0.0,0.0,0.0,0.0,0.0,0.0,0.0,1.0,1.0,0.0,1.0,-0.4746123635339198,-0.5221225594466777,-0.5747175615074499,-0.5259923197436354,0.0,-0.1472270553921409,0.51125965782206,0,original
0.0,0.0,0.0,0.0,0.0,0.0,0.0,0.0,0.0,0.0,0.0,0.0,0.0,0.0,1.0,0.0,0.0,0.0,0.0,0.0,0.0,0.0,0.0,0.0,0.0,0.0,0.0,0.0,0.0,0.0,0.0,0.0,0.0,0.0,0.0,0.0,0.0,0.0,1.0,1.0,0.0,0.0,0.3110904567701322,-0.2276813069342859,0.6717341040004506,0.3225830969128391,0.0,-0.1460532080881112,0.5395287002151316,0,original
0.0,0.0,0.0,0.0,0.0,0.0,0.0,0.0,0.0,0.0,0.0,0.0,0.0,0.0,0.0,0.0,0.0,0.0,0.0,0.0,0.0,0.0,0.0,1.0,0.0,0.0,0.0,0.0,0.0,0.0,0.0,0.0,0.0,0.0,0.0,0.0,0.0,0.0,1.0,0.0,0.0,1.0,-0.4746123635339198,-0.6202696436174749,0.0485082712465003,-0.7145646345561852,0.0,-0.1486425771411179,0.5116393013015157,0,original
0.0,0.0,0.0,0.0,0.0,0.0,0.0,0.0,0.0,0.0,0.0,0.0,0.0,0.0,0.0,0.0,0.0,0.0,0.0,0.0,0.0,0.0,0.0,1.0,0.0,0.0,0.0,0.0,0.0,0.0,0.0,0.0,0.0,0.0,0.0,0.0,0.0,0.0,1.0,0.0,0.0,1.0,-0.4746123635339198,-0.6202696436174749,-0.055362700879158,-0.7145646345561852,0.0,-0.1486425771411179,0.5126003934856967,0,original
0.0,0.0,0.0,0.0,0.0,1.0,0.0,0.0,0.0,0.0,0.0,0.0,0.0,0.0,0.0,0.0,0.0,0.0,0.0,0.0,0.0,0.0,0.0,0.0,0.0,0.0,0.0,0.0,0.0,0.0,0.0,0.0,0.0,0.0,0.0,0.0,0.0,0.0,1.0,1.0,0.0,0.0,-0.0817609533818937,-0.2276813069342859,-0.7824595057587668,0.511155411725389,0.0,-0.1487806768239449,0.5245441005129754,1,original
0.0,0.0,0.0,0.0,0.0,0.0,0.0,0.0,0.0,0.0,0.0,0.0,0.0,0.0,0.0,0.0,0.0,0.0,0.0,1.0,0.0,0.0,0.0,0.0,0.0,0.0,0.0,0.0,0.0,0.0,0.0,0.0,0.0,0.0,0.0,0.0,0.0,0.0,1.0,1.0,0.0,1.0,-0.4746123635339198,-0.5221225594466777,-0.6785885336331083,-0.5259923197436354,0.0,-0.1470889557093139,0.5227271045177022,0,original
0.0,0.0,0.0,0.0,0.0,0.0,0.0,0.0,0.0,0.0,0.0,0.0,0.0,0.0,0.0,0.0,0.0,0.0,0.0,0.0,1.0,0.0,0.0,0.0,0.0,0.0,0.0,0.0,0.0,0.0,0.0,0.0,0.0,0.0,0.0,0.0,0.0,0.0,1.0,1.0,0.0,0.0,4.043178853214379,1.6371132923108616,-0.7824595057587668,1.4540169857881384,0.0,-0.1489878263481854,-1.88563859001108,1,original
0.0,0.0,0.0,0.0,0.0,0.0,0.0,0.0,0.0,0.0,0.0,0.0,0.0,0.0,0.0,0.0,0.0,0.0,0.0,1.0,0.0,0.0,0.0,0.0,0.0,0.0,0.0,0.0,0.0,0.0,0.0,0.0,0.0,0.0,0.0,0.0,0.0,0.0,1.0,0.0,0.0,1.0,-0.4746123635339198,-0.6202696436174749,-0.3669756172561331,-0.7145646345561852,0.0,-0.0073666016090749,0.5232250016982334,0,original
0.0,0.0,0.0,0.0,0.0,0.0,0.0,0.0,0.0,0.0,0.0,0.0,0.0,0.0,0.0,0.0,0.0,0.0,0.0,0.0,0.0,0.0,0.0,0.0,0.0,0.0,0.0,0.0,0.0,0.0,0.0,0.0,0.0,0.0,1.0,0.0,0.0,0.0,1.0,1.0,0.0,0.0,1.6860703923022236,3.5019078915560096,-0.7824595057587668,3.2454539765073624,0.0,-0.1489878263481854,-1.885633596892104,1,original
0.0,0.0,0.0,0.0,0.0,0.0,1.0,0.0,0.0,0.0,0.0,0.0,0.0,0.0,0.0,0.0,0.0,0.0,0.0,0.0,0.0,0.0,0.0,0.0,0.0,0.0,0.0,0.0,0.0,0.0,0.0,0.0,0.0,0.0,0.0,0.0,0.0,0.0,1.0,1.0,0.0,0.0,2.078921802454249,3.698202059897604,-0.7824595057587668,3.4340262913199124,0.0,-0.1489878263481854,-1.8856325982683089,1,original
0.0,0.0,0.0,0.0,0.0,0.0,0.0,0.0,0.0,0.0,0.0,0.0,0.0,0.0,0.0,0.0,0.0,0.0,0.0,0.0,0.0,0.0,0.0,0.0,0.0,0.0,0.0,0.0,0.0,0.0,0.0,0.0,1.0,0.0,0.0,0.0,0.0,0.0,1.0,0.0,0.0,1.0,-0.4746123635339198,-0.6202696436174749,-0.6785885336331083,-0.7145646345561852,0.0,-0.1488497266653584,0.5300360320743961,0,original
0.0,0.0,0.0,0.0,0.0,0.0,0.0,0.0,0.0,0.0,0.0,0.0,0.0,0.0,0.0,0.0,0.0,0.0,0.0,0.0,0.0,0.0,0.0,0.0,0.0,0.0,0.0,0.0,0.0,0.0,1.0,0.0,0.0,0.0,0.0,0.0,0.0,0.0,1.0,1.0,1.0,1.0,-0.4746123635339198,-0.4239754752758805,-0.5747175615074499,-0.3374200049310855,0.0,-0.1391827488674669,0.5228135686946321,0,original
0.0,0.0,0.0,0.0,0.0,0.0,0.0,0.0,0.0,0.0,0.0,0.0,0.0,0.0,0.0,0.0,0.0,0.0,0.0,0.0,0.0,0.0,0.0,1.0,0.0,0.0,0.0,0.0,0.0,0.0,0.0,0.0,0.0,0.0,0.0,0.0,0.0,0.0,1.0,1.0,0.0,1.0,-0.4746123635339198,-0.4239754752758805,0.1523792433721587,-0.3374200049310855,0.0,-0.1394589482331209,0.5116784972854753,0,original
0.0,0.0,0.0,0.0,0.0,0.0,0.0,0.0,0.0,0.0,0.0,0.0,0.0,0.0,0.0,0.0,0.0,0.0,0.0,0.0,0.0,0.0,0.0,0.0,0.0,0.0,0.0,0.0,0.0,0.0,0.0,0.0,1.0,0.0,0.0,0.0,0.0,0.0,1.0,0.0,0.0,1.0,-0.4746123635339198,-0.6202696436174749,-0.4708465893817916,-0.7145646345561852,0.0,-0.123784634232254,0.5228745679647858,0,original
0.0,0.0,0.0,0.0,0.0,0.0,0.0,0.0,0.0,0.0,0.0,0.0,0.0,0.0,0.0,0.0,0.0,0.0,0.0,0.0,0.0,0.0,0.0,0.0,0.0,0.0,0.0,0.0,0.0,0.0,1.0,0.0,0.0,0.0,0.0,0.0,0.0,0.0,1.0,0.0,0.0,1.0,-0.4746123635339198,-0.6202696436174749,0.6717341040004506,-0.7145646345561852,0.0,0.082121992862835,0.512349822131764,0,original
0.0,0.0,0.0,0.0,0.0,0.0,0.0,0.0,0.0,0.0,0.0,0.0,0.0,0.0,0.0,0.0,0.0,0.0,0.0,1.0,0.0,0.0,0.0,0.0,0.0,0.0,0.0,0.0,0.0,0.0,0.0,0.0,0.0,0.0,0.0,0.0,0.0,0.0,1.0,1.0,0.0,1.0,-0.4746123635339198,0.0667599455781057,-0.6785885336331083,0.2282969395065641,0.0,-0.148055653489103,0.5227485749292978,1,original
0.0,0.0,0.0,0.0,0.0,0.0,0.0,0.0,0.0,0.0,0.0,0.0,0.0,0.0,0.0,0.0,0.0,0.0,0.0,0.0,0.0,0.0,0.0,1.0,0.0,0.0,0.0,0.0,0.0,0.0,0.0,0.0,0.0,0.0,0.0,0.0,0.0,0.0,1.0,0.0,0.0,1.0,-0.4746123635339198,-0.6202696436174749,0.983347020377426,-0.7145646345561852,0.0,-0.1468472812643666,0.5126433343088882,0,original
0.0,0.0,0.0,0.0,0.0,0.0,0.0,0.0,0.0,0.0,0.0,0.0,0.0,0.0,0.0,0.0,0.0,0.0,0.0,0.0,0.0,0.0,0.0,0.0,0.0,0.0,0.0,0.0,0.0,0.0,1.0,0.0,0.0,0.0,0.0,0.0,0.0,0.0,0.0,1.0,1.0,1.0,-0.4746123635339198,-0.0313871385926915,-0.7824595057587668,0.1340107821002892,0.0,-0.1487461519032381,0.5382958159213708,1,original
0.0,0.0,0.0,0.0,0.0,0.0,0.0,0.0,0.0,0.0,0.0,0.0,0.0,0.0,0.0,0.0,0.0,0.0,0.0,0.0,0.0,0.0,0.0,1.0,0.0,0.0,0.0,0.0,0.0,0.0,0.0,0.0,0.0,0.0,0.0,0.0,0.0,0.0,1.0,0.0,0.0,1.0,-0.4746123635339198,-0.6202696436174749,0.6717341040004506,-0.7145646345561852,0.0,-0.1482973279340503,0.5126411706239987,0,original
0.0,0.0,0.0,1.0,0.0,0.0,0.0,0.0,0.0,0.0,0.0,0.0,0.0,0.0,0.0,0.0,0.0,0.0,0.0,0.0,0.0,0.0,0.0,0.0,0.0,0.0,0.0,0.0,0.0,0.0,0.0,0.0,0.0,0.0,0.0,0.0,0.0,0.0,1.0,1.0,0.0,0.0,0.7039418669221583,-0.0313871385926915,-0.7824595057587668,-0.1488476901185356,0.0,-0.1487806768239449,-1.8856434999114056,0,original
0.0,0.0,0.0,0.0,0.0,0.0,0.0,0.0,0.0,0.0,0.0,0.0,0.0,0.0,0.0,0.0,0.0,0.0,0.0,0.0,0.0,0.0,0.0,0.0,0.0,0.0,0.0,0.0,0.0,0.0,1.0,0.0,0.0,0.0,0.0,0.0,0.0,0.0,0.0,1.0,1.0,1.0,-0.4746123635339198,0.0667599455781057,-0.7824595057587668,0.2282969395065641,0.0,-0.1490568761895989,0.5382958991400204,1,original
0.0,0.0,0.0,0.0,0.0,0.0,0.0,0.0,0.0,0.0,0.0,0.0,0.0,0.0,0.0,0.0,0.0,0.0,0.0,0.0,0.0,0.0,0.0,1.0,0.0,0.0,0.0,0.0,0.0,0.0,0.0,0.0,0.0,0.0,0.0,0.0,0.0,0.0,1.0,1.0,0.0,1.0,-0.4746123635339198,0.1649070297489029,1.2949599367544011,0.4168692543191141,0.0,-0.1487116269825314,0.5242173008760129,0,original
0.0,0.0,0.0,0.0,0.0,0.0,0.0,0.0,0.0,0.0,0.0,0.0,0.0,0.0,0.0,0.0,0.0,0.0,0.0,0.0,0.0,0.0,0.0,1.0,0.0,0.0,0.0,0.0,0.0,0.0,0.0,0.0,0.0,0.0,0.0,0.0,0.0,0.0,1.0,0.0,0.0,1.0,-0.4746123635339198,-0.6202696436174749,-0.6785885336331083,-0.7145646345561852,1.0,-0.1490914011103057,-1.9528957361770505,0,original
0.0,0.0,0.0,0.0,0.0,0.0,0.0,0.0,0.0,0.0,0.0,0.0,0.0,0.0,0.0,0.0,0.0,0.0,0.0,0.0,0.0,0.0,0.0,0.0,0.0,0.0,0.0,0.0,0.0,0.0,0.0,0.0,1.0,0.0,0.0,0.0,0.0,0.0,1.0,1.0,0.0,1.0,-0.4746123635339198,-0.5221225594466777,-0.7824595057587668,-0.3374200049310855,1.0,-0.1490914011103057,0.5300421902544662,0,original
0.0,0.0,0.0,0.0,0.0,0.0,0.0,0.0,0.0,0.0,0.0,0.0,0.0,0.0,0.0,0.0,0.0,0.0,0.0,0.0,0.0,0.0,0.0,1.0,0.0,0.0,0.0,0.0,0.0,0.0,0.0,0.0,0.0,0.0,0.0,0.0,0.0,0.0,1.0,0.0,0.0,1.0,-0.4746123635339198,-0.6202696436174749,2.02205674163401,-0.7145646345561852,0.0,-0.1484354276168773,0.5401713978459594,0,original
0.0,0.0,0.0,0.0,0.0,0.0,0.0,0.0,0.0,0.0,0.0,0.0,0.0,0.0,0.0,0.0,0.0,0.0,0.0,1.0,0.0,0.0,0.0,0.0,0.0,0.0,0.0,0.0,0.0,0.0,0.0,0.0,0.0,0.0,0.0,0.0,0.0,0.0,1.0,0.0,0.0,1.0,-0.4746123635339198,-0.6202696436174749,-0.1592336730048164,-0.7145646345561852,0.0,-0.1481592282512233,0.5253608915587574,0,original
0.0,0.0,0.0,0.0,0.0,0.0,0.0,0.0,0.0,0.0,0.0,0.0,0.0,0.0,0.0,0.0,0.0,0.0,0.0,0.0,0.0,0.0,0.0,0.0,0.0,0.0,0.0,0.0,0.0,0.0,1.0,0.0,0.0,0.0,0.0,0.0,0.0,0.0,1.0,1.0,0.0,0.0,-0.2781866584579068,-0.0313871385926915,-0.5747175615074499,0.0397246246940143,0.0,-0.1024482332354792,0.5114264279958498,1,original
0.0,0.0,0.0,0.0,0.0,0.0,0.0,0.0,0.0,0.0,0.0,0.0,0.0,0.0,0.0,0.0,0.0,0.0,0.0,0.0,0.0,0.0,0.0,0.0,0.0,0.0,0.0,0.0,0.0,0.0,0.0,1.0,0.0,0.0,0.0,0.0,0.0,0.0,1.0,1.0,0.0,0.0,0.3110904567701322,-0.2276813069342859,-0.7824595057587668,-0.3374200049310855,0.0,-0.1489187765067719,-1.8856444985352008,0,original
0.0,0.0,0.0,0.0,0.0,0.0,0.0,0.0,0.0,0.0,0.0,0.0,0.0,0.0,0.0,0.0,0.0,0.0,0.0,0.0,0.0,0.0,1.0,0.0,0.0,0.0,0.0,0.0,0.0,0.0,0.0,0.0,0.0,0.0,0.0,0.0,0.0,0.0,1.0,1.0,0.0,0.0,3.4539017379863406,1.3426720397984695,-0.7824595057587668,1.1711585135693137,0.0,-0.1489878263481854,-1.8856395054162247,1,original
0.0,0.0,0.0,0.0,0.0,0.0,0.0,0.0,0.0,0.0,0.0,0.0,0.0,0.0,0.0,0.0,0.0,0.0,0.0,0.0,0.0,0.0,0.0,1.0,0.0,0.0,0.0,0.0,0.0,0.0,0.0,0.0,0.0,0.0,0.0,0.0,0.0,0.0,1.0,0.0,0.0,1.0,-0.4746123635339198,-0.6202696436174749,0.8794760482517675,-0.7145646345561852,0.0,-0.1472615803128477,0.5126379250966645,0,original
0.0,0.0,0.0,0.0,0.0,0.0,0.0,0.0,0.0,0.0,0.0,0.0,0.0,0.0,0.0,0.0,0.0,0.0,0.0,0.0,0.0,0.0,0.0,1.0,0.0,0.0,0.0,0.0,0.0,0.0,0.0,0.0,0.0,0.0,0.0,0.0,0.0,0.0,1.0,0.0,0.0,1.0,-0.4746123635339198,-0.6202696436174749,1.0872179925030845,-0.7145646345561852,0.0,-0.1346945091755887,0.5126780364857696,0,original
0.0,0.0,0.0,0.0,0.0,0.0,0.0,0.0,0.0,0.0,0.0,0.0,0.0,0.0,0.0,0.0,0.0,0.0,0.0,0.0,0.0,0.0,0.0,0.0,0.0,0.0,0.0,0.0,0.0,0.0,0.0,0.0,1.0,0.0,0.0,0.0,0.0,0.0,1.0,1.0,0.0,1.0,-0.4746123635339198,-0.5221225594466777,-0.7824595057587668,0.511155411725389,1.0,-0.1490914011103057,0.5300346173573529,0,original
0.0,0.0,0.0,0.0,0.0,0.0,0.0,0.0,0.0,0.0,0.0,0.0,0.0,0.0,0.0,0.0,0.0,0.0,0.0,0.0,0.0,0.0,0.0,1.0,0.0,0.0,0.0,0.0,0.0,0.0,0.0,0.0,0.0,0.0,0.0,0.0,0.0,0.0,1.0,1.0,0.0,1.0,-0.4746123635339198,-0.2276813069342859,1.3988309088800597,-0.0545615327122606,0.0,-0.1489878263481854,0.524515972609412,0,original
0.0,0.0,0.0,0.0,0.0,0.0,0.0,0.0,0.0,0.0,0.0,0.0,0.0,0.0,0.0,0.0,0.0,0.0,0.0,0.0,0.0,0.0,0.0,1.0,0.0,0.0,0.0,0.0,0.0,0.0,0.0,0.0,0.0,0.0,0.0,0.0,0.0,0.0,1.0,0.0,0.0,1.0,-0.4746123635339198,-0.6202696436174749,1.7104438252570346,-0.7145646345561852,0.0,-0.1455008093568031,0.5400910918490995,0,original
0.0,0.0,0.0,0.0,0.0,0.0,0.0,0.0,0.0,0.0,0.0,0.0,0.0,0.0,0.0,0.0,0.0,0.0,0.0,0.0,0.0,0.0,0.0,0.0,0.0,0.0,0.0,0.0,0.0,0.0,0.0,0.0,1.0,0.0,0.0,0.0,0.0,0.0,1.0,0.0,0.0,1.0,-0.4746123635339198,-0.6202696436174749,-0.5747175615074499,-0.7145646345561852,0.0,-0.1445686364977207,0.5300465176242452,0,original
0.0,0.0,0.0,0.0,0.0,0.0,0.0,1.0,0.0,0.0,0.0,0.0,0.0,0.0,0.0,0.0,0.0,0.0,0.0,0.0,0.0,0.0,0.0,0.0,0.0,0.0,0.0,0.0,0.0,0.0,0.0,0.0,0.0,0.0,0.0,0.0,0.0,0.0,1.0,1.0,0.0,0.0,0.3110904567701322,2.8148783023604285,-0.7824595057587668,2.585450874663438,0.0,-0.1489878263481854,-1.8856354277023948,1,original
0.0,0.0,0.0,0.0,0.0,0.0,0.0,0.0,0.0,0.0,0.0,0.0,0.0,0.0,0.0,0.0,0.0,0.0,0.0,0.0,0.0,0.0,0.0,0.0,0.0,1.0,0.0,0.0,0.0,0.0,0.0,0.0,0.0,0.0,0.0,0.0,0.0,0.0,1.0,1.0,0.0,0.0,0.9003675719981714,0.0667599455781057,-0.7824595057587668,-0.0545615327122606,0.0,-0.1489878263481854,-1.885643250255457,1,original
0.0,0.0,0.0,0.0,0.0,0.0,0.0,0.0,0.0,0.0,0.0,0.0,0.0,0.0,0.0,0.0,0.0,0.0,0.0,0.0,0.0,0.0,0.0,0.0,0.0,0.0,0.0,0.0,0.0,0.0,0.0,0.0,1.0,0.0,0.0,0.0,0.0,0.0,1.0,0.0,0.0,1.0,-0.4746123635339198,-0.6202696436174749,-0.4708465893817916,-0.7145646345561852,0.0,-0.1486080522204111,0.5300461847496467,0,original
0.0,0.0,0.0,0.0,0.0,0.0,0.0,0.0,0.0,0.0,0.0,0.0,0.0,1.0,0.0,0.0,0.0,0.0,0.0,0.0,0.0,0.0,0.0,0.0,0.0,0.0,0.0,0.0,0.0,0.0,0.0,0.0,0.0,0.0,0.0,0.0,0.0,0.0,1.0,1.0,0.0,0.0,1.6860703923022236,0.4593482822612947,0.6717341040004506,-0.3374200049310855,0.0,0.1261757916846549,0.5402572794923421,0,original
0.0,0.0,0.0,0.0,0.0,0.0,0.0,0.0,0.0,0.0,0.0,0.0,0.0,0.0,0.0,0.0,0.0,0.0,0.0,0.0,0.0,0.0,0.0,0.0,0.0,0.0,0.0,0.0,0.0,0.0,0.0,0.0,1.0,0.0,0.0,0.0,0.0,0.0,1.0,0.0,0.0,1.0,-0.4746123635339198,-0.6202696436174749,-0.4708465893817916,-0.7145646345561852,0.0,-0.1485044774582908,0.5300426063477142,0,original
0.0,0.0,0.0,0.0,0.0,0.0,0.0,0.0,0.0,0.0,0.0,0.0,0.0,0.0,0.0,0.0,0.0,0.0,0.0,0.0,0.0,0.0,0.0,0.0,0.0,0.0,0.0,0.0,0.0,0.0,1.0,0.0,0.0,0.0,0.0,0.0,0.0,0.0,1.0,1.0,1.0,1.0,-0.4746123635339198,-0.1295342227634887,-0.6785885336331083,-0.0545615327122606,0.0,-0.1490914011103057,0.5227443307781685,1,original
0.0,0.0,0.0,0.0,0.0,0.0,0.0,0.0,0.0,0.0,0.0,0.0,0.0,0.0,0.0,0.0,0.0,0.0,0.0,0.0,0.0,0.0,0.0,0.0,0.0,0.0,0.0,0.0,0.0,0.0,0.0,0.0,1.0,0.0,0.0,0.0,0.0,0.0,1.0,1.0,0.0,1.0,-0.4746123635339198,-0.5221225594466777,-0.7824595057587668,-0.5259923197436354,1.0,-0.1490914011103057,0.530040359444175,0,original
0.0,0.0,0.0,0.0,0.0,0.0,0.0,0.0,0.0,0.0,0.0,0.0,0.0,0.0,0.0,0.0,0.0,0.0,0.0,0.0,0.0,0.0,0.0,1.0,0.0,0.0,0.0,0.0,0.0,0.0,0.0,0.0,0.0,0.0,0.0,0.0,0.0,0.0,1.0,0.0,0.0,1.0,-0.4746123635339198,-0.6202696436174749,2.541411602262302,-0.7145646345561852,0.0,-0.1487806768239449,0.5402416343862182,0,original
0.0,0.0,0.0,0.0,0.0,0.0,0.0,0.0,0.0,0.0,0.0,0.0,0.0,0.0,1.0,0.0,0.0,0.0,0.0,0.0,0.0,0.0,0.0,0.0,0.0,0.0,0.0,0.0,0.0,0.0,0.0,0.0,0.0,0.0,0.0,0.0,0.0,0.0,1.0,1.0,0.0,0.0,-0.2781866584579068,-0.5221225594466777,1.5027018810057178,-0.6202784771499104,0.0,-0.1409780447442182,0.5245748081946762,0,original
0.0,0.0,0.0,0.0,0.0,0.0,0.0,0.0,0.0,0.0,0.0,0.0,0.0,0.0,0.0,0.0,0.0,0.0,0.0,0.0,0.0,0.0,0.0,0.0,0.0,0.0,0.0,0.0,0.0,0.0,1.0,0.0,0.0,0.0,0.0,0.0,0.0,0.0,0.0,1.0,1.0,1.0,-0.4746123635339198,0.6556424506028892,-0.7824595057587668,-0.2431338475248105,0.0,-0.1486080522204111,0.5383143736802306,0,original
0.0,0.0,0.0,0.0,0.0,0.0,0.0,0.0,0.0,0.0,0.0,0.0,0.0,0.0,0.0,0.0,0.0,0.0,0.0,1.0,0.0,0.0,0.0,0.0,0.0,0.0,0.0,0.0,0.0,0.0,0.0,0.0,0.0,0.0,0.0,0.0,0.0,0.0,1.0,0.0,0.0,1.0,-0.4746123635339198,-0.6202696436174749,0.2562502154978171,-0.7145646345561852,0.0,-0.1244751326463891,0.5383010586962953,0,original
0.0,0.0,0.0,0.0,0.0,0.0,0.0,0.0,0.0,0.0,0.0,0.0,0.0,0.0,0.0,0.0,0.0,0.0,0.0,0.0,0.0,0.0,0.0,0.0,0.0,0.0,0.0,0.0,0.0,0.0,1.0,0.0,0.0,0.0,0.0,0.0,0.0,0.0,0.0,1.0,1.0,1.0,-0.4746123635339198,0.3612011980904974,-0.7824595057587668,0.6997277265379389,0.0,-0.1486425771411179,0.5383001432911498,1,original
0.0,0.0,0.0,0.0,0.0,0.0,0.0,0.0,0.0,0.0,0.0,0.0,0.0,0.0,0.0,0.0,1.0,0.0,0.0,0.0,0.0,0.0,0.0,0.0,0.0,0.0,0.0,0.0,0.0,0.0,0.0,0.0,0.0,0.0,0.0,0.0,0.0,0.0,1.0,1.0,0.0,0.0,1.8824960973782363,0.557495366432092,-0.7824595057587668,0.4168692543191141,0.0,-0.1489878263481854,-1.885642001975713,1,original
0.0,0.0,0.0,0.0,0.0,0.0,0.0,0.0,0.0,0.0,0.0,0.0,0.0,0.0,0.0,0.0,0.0,0.0,0.0,0.0,0.0,0.0,0.0,1.0,0.0,0.0,0.0,0.0,0.0,0.0,0.0,0.0,0.0,0.0,0.0,0.0,0.0,0.0,1.0,1.0,0.0,1.0,-0.4746123635339198,-0.3258283911050832,0.1523792433721587,-0.2431338475248105,0.0,-0.1460186831674045,0.5116859037452893,0,original
0.0,0.0,0.0,0.0,0.0,0.0,0.0,0.0,0.0,0.0,0.0,0.0,0.0,1.0,0.0,0.0,0.0,0.0,0.0,0.0,0.0,0.0,0.0,0.0,0.0,0.0,0.0,0.0,0.0,0.0,0.0,0.0,0.0,0.0,0.0,0.0,0.0,0.0,1.0,1.0,0.0,0.0,0.1146647516941192,-0.3258283911050832,2.64528257438796,-0.4317061623373604,0.0,-0.1490568761895989,0.5402558647752991,0,original
0.0,0.0,0.0,0.0,0.0,0.0,0.0,0.0,0.0,0.0,0.0,0.0,0.0,0.0,0.0,0.0,0.0,0.0,0.0,0.0,0.0,0.0,0.0,1.0,0.0,0.0,0.0,0.0,0.0,0.0,0.0,0.0,0.0,0.0,0.0,0.0,0.0,0.0,1.0,1.0,0.0,1.0,-0.4746123635339198,-0.4239754752758805,-0.5747175615074499,-0.4317061623373604,0.0,-0.1487806768239449,0.5112604067899064,0,original
0.0,0.0,0.0,0.0,0.0,0.0,0.0,0.0,0.0,0.0,0.0,0.0,0.0,0.0,0.0,0.0,0.0,0.0,0.0,0.0,0.0,0.0,0.0,1.0,0.0,0.0,0.0,0.0,0.0,0.0,0.0,0.0,0.0,0.0,0.0,0.0,0.0,0.0,1.0,0.0,0.0,1.0,-0.4746123635339198,-0.6202696436174749,1.6065728531313763,-0.7145646345561852,0.0,-0.1423590415724884,0.5400824371095415,0,original
0.0,0.0,0.0,0.0,0.0,0.0,0.0,0.0,0.0,0.0,0.0,0.0,0.0,0.0,0.0,0.0,0.0,0.0,0.0,0.0,0.0,0.0,0.0,0.0,0.0,0.0,0.0,0.0,0.0,0.0,1.0,0.0,0.0,0.0,0.0,0.0,0.0,0.0,1.0,1.0,1.0,1.0,-0.4746123635339198,1.1463778714568753,-0.5747175615074499,-0.6202784771499104,0.0,-0.1115973372227693,0.5123578111221252,0,original
0.0,0.0,0.0,0.0,0.0,0.0,0.0,0.0,0.0,0.0,0.0,0.0,0.0,1.0,0.0,0.0,0.0,0.0,0.0,0.0,0.0,0.0,0.0,0.0,0.0,0.0,0.0,0.0,0.0,0.0,0.0,0.0,0.0,0.0,0.0,0.0,0.0,0.0,1.0,1.0,0.0,0.0,-0.0817609533818937,0.3612011980904974,-0.5747175615074499,-0.4317061623373604,0.0,-0.1481247033305165,0.5115962772596747,0,original
0.0,0.0,0.0,0.0,0.0,0.0,0.0,0.0,0.0,0.0,0.0,0.0,0.0,0.0,0.0,0.0,0.0,0.0,0.0,0.0,0.0,0.0,0.0,0.0,0.0,0.0,0.0,0.0,0.0,0.0,0.0,0.0,1.0,0.0,0.0,0.0,0.0,0.0,1.0,0.0,0.0,1.0,-0.4746123635339198,-0.6202696436174749,-0.6785885336331083,-0.7145646345561852,0.0,-0.1487806768239449,0.5300356159811481,0,original
0.0,0.0,0.0,0.0,0.0,0.0,0.0,0.0,0.0,0.0,0.0,0.0,0.0,0.0,0.0,0.0,0.0,0.0,0.0,0.0,0.0,0.0,0.0,1.0,0.0,0.0,0.0,0.0,0.0,0.0,0.0,0.0,0.0,0.0,0.0,0.0,0.0,0.0,1.0,1.0,0.0,0.0,1.4896446872262104,0.3612011980904974,1.5027018810057178,1.8311616154132384,0.0,0.0416933107152244,0.5400662094728704,0,original
0.0,0.0,0.0,0.0,0.0,0.0,0.0,0.0,0.0,0.0,0.0,0.0,0.0,0.0,0.0,0.0,0.0,0.0,0.0,0.0,0.0,0.0,0.0,1.0,0.0,0.0,0.0,0.0,0.0,0.0,0.0,0.0,0.0,0.0,0.0,0.0,0.0,0.0,1.0,0.0,0.0,1.0,-0.4746123635339198,-0.6202696436174749,-0.5747175615074499,-0.7145646345561852,0.0,-0.1463294074537653,0.5111354123782136,0,original
0.0,0.0,0.0,0.0,0.0,0.0,0.0,0.0,0.0,0.0,0.0,0.0,0.0,0.0,0.0,0.0,0.0,0.0,0.0,0.0,0.0,0.0,0.0,0.0,0.0,0.0,0.0,0.0,0.0,0.0,1.0,0.0,0.0,0.0,0.0,0.0,0.0,0.0,0.0,1.0,1.0,1.0,-0.4746123635339198,0.4593482822612947,-0.7824595057587668,-0.5259923197436354,0.0,-0.1476758793613287,0.5383035552557832,0,original
0.0,0.0,0.0,0.0,0.0,0.0,0.0,0.0,0.0,0.0,0.0,0.0,0.0,0.0,0.0,0.0,0.0,0.0,0.0,0.0,0.0,0.0,0.0,0.0,0.0,0.0,0.0,0.0,0.0,0.0,0.0,0.0,1.0,0.0,0.0,0.0,0.0,0.0,1.0,0.0,0.0,1.0,-0.4746123635339198,-0.6202696436174749,-0.6785885336331083,-0.7145646345561852,0.0,-0.1485735272997043,0.5300364481676441,0,original
0.0,0.0,0.0,0.0,0.0,0.0,0.0,0.0,0.0,0.0,0.0,0.0,0.0,0.0,0.0,0.0,0.0,0.0,0.0,0.0,0.0,0.0,0.0,0.0,0.0,0.0,0.0,0.0,0.0,0.0,0.0,0.0,0.0,0.0,0.0,1.0,0.0,0.0,1.0,1.0,0.0,0.0,1.8824960973782363,3.6000549757268065,-0.7824595057587668,3.339740133913637,0.0,-0.1487806768239449,-1.8856328479242568,1,original
0.0,0.0,0.0,0.0,0.0,0.0,0.0,0.0,0.0,0.0,0.0,0.0,0.0,0.0,0.0,0.0,0.0,0.0,0.0,1.0,0.0,0.0,0.0,0.0,0.0,0.0,0.0,0.0,0.0,0.0,0.0,0.0,0.0,0.0,0.0,0.0,0.0,0.0,1.0,0.0,0.0,1.0,-0.4746123635339198,-0.6202696436174749,0.0485082712465003,-0.7145646345561852,0.0,3.300258901780917,0.5381771461270473,0,original
0.0,0.0,0.0,0.0,0.0,0.0,0.0,0.0,0.0,0.0,0.0,0.0,0.0,0.0,0.0,0.0,0.0,0.0,0.0,0.0,0.0,0.0,0.0,0.0,0.0,0.0,0.0,0.0,0.0,0.0,0.0,0.0,1.0,0.0,0.0,0.0,0.0,0.0,1.0,1.0,0.0,1.0,-0.4746123635339198,-0.2276813069342859,-0.6785885336331083,-0.5259923197436354,0.0,-0.1487116269825314,0.530046767280194,0,original
0.0,0.0,0.0,0.0,0.0,0.0,0.0,0.0,0.0,0.0,0.0,0.0,0.0,0.0,0.0,0.0,0.0,0.0,0.0,0.0,0.0,0.0,0.0,0.0,0.0,0.0,0.0,0.0,0.0,0.0,0.0,0.0,1.0,0.0,0.0,0.0,0.0,0.0,1.0,0.0,0.0,1.0,-0.4746123635339198,-0.6202696436174749,-0.6785885336331083,-0.7145646345561852,0.0,-0.1482973279340503,0.5300384454152344,0,original
0.0,0.0,0.0,0.0,0.0,0.0,0.0,0.0,0.0,0.0,0.0,0.0,0.0,0.0,0.0,0.0,0.0,0.0,0.0,0.0,0.0,0.0,0.0,1.0,0.0,0.0,0.0,0.0,0.0,0.0,0.0,0.0,0.0,0.0,0.0,0.0,0.0,0.0,1.0,1.0,0.0,1.0,-0.4746123635339198,0.2630541139197002,-0.7824595057587668,0.511155411725389,0.0,-0.1485390023789976,-1.9528726013924629,1,original
0.0,0.0,0.0,0.0,0.0,0.0,0.0,0.0,0.0,0.0,0.0,0.0,0.0,0.0,0.0,0.0,0.0,0.0,0.0,0.0,0.0,0.0,0.0,0.0,1.0,0.0,0.0,0.0,0.0,0.0,0.0,0.0,0.0,0.0,0.0,0.0,0.0,0.0,1.0,1.0,0.0,0.0,1.2932189821501974,0.2630541139197002,1.5027018810057178,1.7368754580069634,0.0,-0.1484699525375841,0.5396063432152044,0,original
0.0,0.0,0.0,0.0,0.0,0.0,0.0,0.0,0.0,0.0,0.0,0.0,0.0,0.0,0.0,0.0,0.0,0.0,1.0,0.0,0.0,0.0,0.0,0.0,0.0,0.0,0.0,0.0,0.0,0.0,0.0,0.0,0.0,0.0,0.0,0.0,0.0,0.0,1.0,1.0,0.0,0.0,0.7039418669221583,3.011172470702023,-0.7824595057587668,2.774023189475988,0.0,-0.1489878263481854,-1.8856349283904967,1,original
0.0,0.0,0.0,0.0,0.0,0.0,0.0,0.0,0.0,0.0,0.0,0.0,0.0,0.0,0.0,0.0,0.0,0.0,0.0,0.0,0.0,0.0,0.0,1.0,0.0,0.0,0.0,0.0,0.0,0.0,0.0,0.0,0.0,0.0,0.0,0.0,0.0,0.0,1.0,1.0,0.0,1.0,-0.4746123635339198,-0.5221225594466777,0.6717341040004506,-0.5259923197436354,0.0,-0.0394402529456506,0.5126141245628801,0,original
0.0,0.0,0.0,0.0,0.0,0.0,0.0,0.0,0.0,0.0,0.0,0.0,0.0,0.0,0.0,0.0,0.0,0.0,0.0,0.0,0.0,0.0,0.0,1.0,0.0,0.0,0.0,0.0,0.0,0.0,0.0,0.0,0.0,0.0,0.0,0.0,0.0,0.0,1.0,1.0,0.0,1.0,-0.4746123635339198,0.1649070297489029,-0.7824595057587668,0.4168692543191141,0.0,-0.1483663777754638,-1.9528739328908564,1,original
0.0,0.0,0.0,0.0,0.0,0.0,0.0,0.0,0.0,0.0,0.0,0.0,0.0,0.0,0.0,0.0,0.0,0.0,0.0,0.0,0.0,0.0,0.0,0.0,0.0,0.0,0.0,0.0,0.0,0.0,1.0,0.0,0.0,0.0,0.0,0.0,0.0,0.0,1.0,1.0,1.0,1.0,-0.4746123635339198,-0.3258283911050832,-0.6785885336331083,-0.2431338475248105,0.0,-0.1440507626871194,0.5227416677813814,0,original
0.0,0.0,0.0,0.0,0.0,0.0,0.0,0.0,0.0,0.0,0.0,0.0,0.0,0.0,0.0,0.0,0.0,0.0,0.0,0.0,0.0,0.0,0.0,1.0,0.0,0.0,0.0,0.0,0.0,0.0,0.0,0.0,0.0,0.0,0.0,0.0,0.0,0.0,1.0,1.0,0.0,1.0,-0.4746123635339198,-0.5221225594466777,1.2949599367544011,-0.5259923197436354,0.0,-0.1482628030133436,0.5242068985448135,0,original
0.0,0.0,0.0,0.0,0.0,0.0,0.0,0.0,0.0,0.0,0.0,0.0,0.0,0.0,0.0,0.0,0.0,0.0,0.0,0.0,0.0,0.0,0.0,0.0,0.0,0.0,0.0,0.0,1.0,0.0,0.0,0.0,0.0,0.0,0.0,0.0,0.0,0.0,1.0,1.0,0.0,0.0,3.061050327834314,1.1463778714568753,-0.7824595057587668,0.9825861987567638,0.0,-0.1488842515860652,-1.8856400879467723,1,original
0.0,0.0,0.0,0.0,0.0,0.0,0.0,0.0,0.0,0.0,0.0,0.0,0.0,1.0,0.0,0.0,0.0,0.0,0.0,0.0,0.0,0.0,0.0,0.0,0.0,0.0,0.0,0.0,0.0,0.0,0.0,0.0,0.0,0.0,0.0,0.0,0.0,0.0,1.0,1.0,0.0,0.0,0.5075161618461452,0.6556424506028892,-0.5747175615074499,-0.0545615327122606,0.0,-0.1486080522204111,0.5116196617002111,1,original
0.0,0.0,0.0,0.0,0.0,0.0,0.0,0.0,0.0,0.0,0.0,0.0,0.0,0.0,0.0,0.0,0.0,0.0,0.0,0.0,0.0,0.0,0.0,0.0,0.0,0.0,0.0,0.0,0.0,0.0,0.0,0.0,0.0,0.0,0.0,0.0,0.0,1.0,1.0,1.0,0.0,0.0,3.846753148138367,1.5389662081400644,-0.7824595057587668,1.3597308283818637,0.0,-0.1489533014274787,-1.8856388396670285,1,original
0.0,0.0,0.0,0.0,0.0,0.0,0.0,0.0,0.0,0.0,0.0,0.0,0.0,0.0,0.0,0.0,0.0,0.0,0.0,0.0,0.0,0.0,0.0,0.0,0.0,0.0,0.0,0.0,0.0,0.0,1.0,0.0,0.0,0.0,0.0,0.0,0.0,0.0,1.0,1.0,1.0,1.0,-0.4746123635339198,-0.0313871385926915,0.1523792433721587,0.2282969395065641,0.0,-0.1262359036024336,0.5117476519832893,0,original
0.0,0.0,0.0,0.0,0.0,0.0,0.0,0.0,0.0,0.0,0.0,0.0,0.0,0.0,0.0,0.0,0.0,0.0,0.0,1.0,0.0,0.0,0.0,0.0,0.0,0.0,0.0,0.0,0.0,0.0,0.0,0.0,0.0,0.0,0.0,0.0,0.0,0.0,1.0,1.0,0.0,1.0,-0.4746123635339198,-0.5221225594466777,0.0485082712465003,-0.5259923197436354,0.0,-0.1226107869282243,0.5382409748312872,0,original
0.0,0.0,0.0,0.0,0.0,0.0,0.0,0.0,0.0,0.0,0.0,0.0,0.0,0.0,0.0,0.0,0.0,1.0,0.0,0.0,0.0,0.0,0.0,0.0,0.0,0.0,0.0,0.0,0.0,0.0,0.0,0.0,0.0,0.0,0.0,0.0,0.0,0.0,1.0,1.0,0.0,0.0,4.436030263366406,1.833407460652456,-0.7824595057587668,1.6425893006006884,0.0,-0.1489878263481854,-1.8856380906991816,1,original
0.0,1.0,0.0,0.0,0.0,0.0,0.0,0.0,0.0,0.0,0.0,0.0,0.0,0.0,0.0,0.0,0.0,0.0,0.0,0.0,0.0,0.0,0.0,0.0,0.0,0.0,0.0,0.0,0.0,0.0,0.0,0.0,0.0,0.0,0.0,0.0,0.0,0.0,1.0,1.0,0.0,0.0,2.4717732126062755,0.8519366189444836,-0.7824595057587668,0.6997277265379389,0.0,-0.1489878263481854,-1.885641169789217,1,original
0.0,0.0,0.0,0.0,0.0,0.0,0.0,0.0,0.0,0.0,1.0,0.0,0.0,0.0,0.0,0.0,0.0,0.0,0.0,0.0,0.0,0.0,0.0,0.0,0.0,0.0,0.0,0.0,0.0,0.0,0.0,0.0,0.0,0.0,0.0,0.0,0.0,0.0,1.0,1.0,0.0,0.0,3.257476032910328,1.2445249556276723,-0.7824595057587668,1.076872356163039,0.0,-0.1489533014274787,-1.885639755072174,1,original
0.0,0.0,0.0,0.0,0.0,0.0,0.0,0.0,0.0,0.0,0.0,0.0,0.0,0.0,0.0,0.0,0.0,0.0,0.0,0.0,0.0,0.0,0.0,1.0,0.0,0.0,0.0,0.0,0.0,0.0,0.0,0.0,0.0,0.0,0.0,0.0,0.0,0.0,1.0,0.0,0.0,1.0,-0.4746123635339198,-0.6202696436174749,-0.1592336730048164,-0.7145646345561852,0.0,-0.08073205811093,0.512599311643252,0,original
0.0,0.0,0.0,0.0,0.0,0.0,0.0,0.0,0.0,0.0,0.0,0.0,0.0,1.0,0.0,0.0,0.0,0.0,0.0,0.0,0.0,0.0,0.0,0.0,0.0,0.0,0.0,0.0,0.0,0.0,0.0,0.0,0.0,0.0,0.0,0.0,0.0,0.0,1.0,1.0,0.0,0.0,1.8824960973782363,0.557495366432092,0.6717341040004506,-0.1488476901185356,0.0,-0.1488152017446516,0.5402579452415389,0,original
0.0,0.0,0.0,0.0,0.0,0.0,0.0,0.0,0.0,0.0,0.0,0.0,0.0,0.0,0.0,0.0,0.0,0.0,0.0,0.0,0.0,0.0,0.0,1.0,0.0,0.0,0.0,0.0,0.0,0.0,0.0,0.0,0.0,0.0,0.0,0.0,0.0,0.0,1.0,1.0,0.0,1.0,-0.4746123635339198,-0.4239754752758805,-0.7824595057587668,-0.4317061623373604,0.0,-0.1486425771411179,-1.952880840038773,0,original
0.0,0.0,0.0,0.0,0.0,0.0,0.0,0.0,0.0,0.0,0.0,0.0,0.0,0.0,0.0,0.0,0.0,0.0,0.0,0.0,0.0,0.0,0.0,0.0,0.0,0.0,0.0,1.0,0.0,0.0,0.0,0.0,0.0,0.0,0.0,0.0,0.0,0.0,1.0,1.0,0.0,0.0,-0.0817609533818937,-0.4239754752758805,-0.7824595057587668,-0.5259923197436354,0.0,-0.1489878263481854,-1.8856452475030472,0,original
0.0,0.0,0.0,0.0,0.0,0.0,0.0,0.0,0.0,0.0,0.0,0.0,0.0,0.0,0.0,0.0,0.0,0.0,0.0,0.0,0.0,0.0,0.0,0.0,0.0,0.0,0.0,0.0,0.0,0.0,1.0,0.0,0.0,0.0,0.0,0.0,0.0,0.0,1.0,1.0,1.0,1.0,-0.4746123635339198,-0.1295342227634887,-0.7824595057587668,0.9825861987567638,0.0,-0.146087733008818,0.5245513405354902,1,original
0.0,0.0,0.0,0.0,0.0,0.0,0.0,0.0,0.0,0.0,0.0,0.0,0.0,1.0,0.0,0.0,0.0,0.0,0.0,0.0,0.0,0.0,0.0,0.0,0.0,0.0,0.0,0.0,0.0,0.0,0.0,0.0,0.0,0.0,0.0,0.0,0.0,0.0,1.0,0.0,0.0,1.0,-0.4746123635339198,-0.6202696436174749,-0.2631046451304747,-0.7145646345561852,0.0,0.0343049776839788,0.5115804657162515,0,original
0.0,0.0,0.0,0.0,0.0,0.0,0.0,0.0,0.0,0.0,0.0,0.0,0.0,0.0,0.0,0.0,0.0,0.0,0.0,0.0,0.0,0.0,0.0,1.0,0.0,0.0,0.0,0.0,0.0,0.0,0.0,0.0,0.0,0.0,0.0,0.0,0.0,0.0,1.0,1.0,0.0,1.0,-0.4746123635339198,-0.4239754752758805,1.2949599367544011,-0.4317061623373604,0.0,-0.1490914011103057,0.5242068985448135,0,original
0.0,0.0,0.0,0.0,0.0,0.0,0.0,0.0,0.0,0.0,0.0,0.0,0.0,0.0,0.0,0.0,0.0,0.0,0.0,0.0,0.0,0.0,0.0,0.0,0.0,0.0,0.0,0.0,0.0,0.0,1.0,0.0,0.0,0.0,0.0,0.0,0.0,0.0,0.0,1.0,1.0,1.0,-0.4746123635339198,-0.2276813069342859,-0.7824595057587668,-0.1488476901185356,0.0,-0.147779454123449,0.5382904899277967,0,original
0.0,0.0,0.0,0.0,0.0,0.0,0.0,0.0,0.0,0.0,0.0,0.0,0.0,0.0,0.0,0.0,0.0,0.0,0.0,0.0,0.0,0.0,0.0,1.0,0.0,0.0,0.0,0.0,0.0,0.0,0.0,0.0,0.0,0.0,0.0,0.0,0.0,0.0,1.0,1.0,0.0,1.0,-0.4746123635339198,-0.2276813069342859,2.541411602262302,-0.1488476901185356,0.0,-0.1486425771411179,0.5402490408460322,0,original
0.0,0.0,0.0,0.0,0.0,0.0,0.0,0.0,0.0,0.0,0.0,1.0,0.0,0.0,0.0,0.0,0.0,0.0,0.0,0.0,0.0,0.0,0.0,0.0,0.0,0.0,0.0,0.0,0.0,0.0,0.0,0.0,0.0,0.0,0.0,0.0,0.0,0.0,1.0,1.0,0.0,0.0,0.1146647516941192,2.716731218189631,-0.7824595057587668,2.491164717257163,0.0,-0.1489533014274787,-1.885635677358344,1,original
0.0,0.0,0.0,0.0,0.0,0.0,0.0,0.0,0.0,0.0,0.0,0.0,0.0,0.0,0.0,0.0,0.0,0.0,0.0,0.0,0.0,0.0,0.0,1.0,0.0,0.0,0.0,0.0,0.0,0.0,0.0,0.0,0.0,0.0,0.0,0.0,0.0,0.0,1.0,0.0,0.0,1.0,-0.4746123635339198,-0.6202696436174749,-0.5747175615074499,-0.7145646345561852,0.0,-0.1482282780926368,-1.9528881632799373,0,original
0.0,0.0,0.0,0.0,0.0,0.0,0.0,0.0,0.0,0.0,0.0,0.0,0.0,0.0,0.0,0.0,0.0,0.0,0.0,0.0,0.0,0.0,0.0,1.0,0.0,0.0,0.0,0.0,0.0,0.0,0.0,0.0,0.0,0.0,0.0,0.0,0.0,0.0,1.0,0.0,0.0,1.0,-0.4746123635339198,-0.6202696436174749,-0.4708465893817916,-0.7145646345561852,0.0,-0.1487806768239449,0.511125010047014,0,original
0.0,0.0,0.0,0.0,0.0,0.0,0.0,0.0,0.0,0.0,0.0,0.0,0.0,1.0,0.0,0.0,0.0,0.0,0.0,0.0,0.0,0.0,0.0,0.0,0.0,0.0,0.0,0.0,0.0,0.0,0.0,0.0,0.0,0.0,0.0,0.0,0.0,0.0,1.0,1.0,0.0,0.0,0.3110904567701322,0.557495366432092,-0.5747175615074499,-0.2431338475248105,0.0,-0.1402184964886696,0.5116184966391167,0,original
0.0,0.0,0.0,0.0,0.0,0.0,0.0,0.0,0.0,0.0,0.0,0.0,0.0,0.0,0.0,0.0,0.0,0.0,0.0,1.0,0.0,0.0,0.0,0.0,0.0,0.0,0.0,0.0,0.0,0.0,0.0,0.0,0.0,0.0,0.0,0.0,0.0,0.0,1.0,0.0,0.0,1.0,-0.4746123635339198,-0.6202696436174749,-0.055362700879158,-0.7145646345561852,0.0,-0.1488152017446516,0.5298628540645873,0,original
0.0,0.0,0.0,0.0,0.0,0.0,0.0,0.0,0.0,0.0,0.0,0.0,0.0,0.0,0.0,0.0,0.0,0.0,0.0,0.0,0.0,0.0,0.0,1.0,0.0,0.0,0.0,0.0,0.0,0.0,0.0,0.0,0.0,0.0,0.0,0.0,0.0,0.0,1.0,0.0,0.0,1.0,-0.4746123635339198,-0.6202696436174749,2.2297986858853265,-0.7145646345561852,0.0,-0.1486771020618246,0.5402099280807222,0,original
0.0,0.0,0.0,0.0,0.0,0.0,0.0,0.0,0.0,0.0,0.0,0.0,0.0,0.0,0.0,0.0,0.0,0.0,0.0,0.0,0.0,0.0,0.0,0.0,0.0,0.0,0.0,0.0,0.0,0.0,0.0,0.0,1.0,0.0,0.0,0.0,0.0,0.0,1.0,1.0,0.0,1.0,-0.4746123635339198,-0.4239754752758805,-0.6785885336331083,-0.6202784771499104,0.0,-0.1488497266653584,0.5300455190004499,0,original
0.0,0.0,0.0,0.0,0.0,0.0,0.0,0.0,0.0,0.0,0.0,0.0,0.0,0.0,0.0,0.0,0.0,0.0,0.0,0.0,0.0,0.0,0.0,0.0,0.0,0.0,0.0,0.0,0.0,0.0,1.0,0.0,0.0,0.0,0.0,0.0,0.0,0.0,0.0,1.0,1.0,1.0,-0.4746123635339198,-0.5221225594466777,-0.7824595057587668,-0.5259923197436354,1.0,-0.1490914011103057,0.5382851639342225,0,original
1.0,0.0,0.0,0.0,0.0,0.0,0.0,0.0,0.0,0.0,0.0,0.0,0.0,0.0,0.0,0.0,0.0,0.0,0.0,0.0,0.0,0.0,0.0,0.0,0.0,0.0,0.0,0.0,0.0,0.0,0.0,0.0,0.0,0.0,0.0,0.0,0.0,0.0,1.0,1.0,0.0,0.0,1.6860703923022236,0.4593482822612947,-0.7824595057587668,0.3225830969128391,0.0,-0.1489878263481854,-1.885642251631661,1,original
0.0,0.0,1.0,0.0,0.0,0.0,0.0,0.0,0.0,0.0,0.0,0.0,0.0,0.0,0.0,0.0,0.0,0.0,0.0,0.0,0.0,0.0,0.0,0.0,0.0,0.0,0.0,0.0,0.0,0.0,0.0,0.0,0.0,0.0,0.0,0.0,0.0,0.0,1.0,1.0,0.0,0.0,2.864624622758301,1.048230787286078,-0.7824595057587668,0.8883000413504888,0.0,-0.1489533014274787,-1.88564058725867,1,original
0.0,0.0,0.0,0.0,0.0,0.0,0.0,0.0,0.0,0.0,0.0,0.0,0.0,0.0,0.0,0.0,0.0,0.0,0.0,0.0,0.0,0.0,0.0,1.0,0.0,0.0,0.0,0.0,0.0,0.0,0.0,0.0,0.0,0.0,0.0,0.0,0.0,0.0,1.0,1.0,1.0,1.0,-0.4746123635339198,0.1649070297489029,-0.5747175615074499,0.3225830969128391,0.0,-0.1488842515860652,0.5114506446228821,1,original
0.0,0.0,0.0,0.0,0.0,0.0,0.0,0.0,0.0,0.0,0.0,0.0,0.0,0.0,1.0,0.0,0.0,0.0,0.0,0.0,0.0,0.0,0.0,0.0,0.0,0.0,0.0,0.0,0.0,0.0,0.0,0.0,0.0,0.0,0.0,0.0,0.0,0.0,1.0,1.0,0.0,0.0,0.1146647516941192,-0.3258283911050832,0.6717341040004506,0.2282969395065641,0.0,-0.1488842515860652,0.5395213769739672,0,original
0.0,0.0,0.0,0.0,0.0,0.0,0.0,0.0,0.0,0.0,0.0,0.0,0.0,0.0,0.0,0.0,0.0,0.0,0.0,0.0,0.0,0.0,0.0,0.0,0.0,0.0,0.0,0.0,0.0,0.0,0.0,0.0,1.0,0.0,0.0,0.0,0.0,0.0,1.0,0.0,0.0,1.0,-0.4746123635339198,-0.6202696436174749,-0.6785885336331083,-0.7145646345561852,1.0,-0.1490914011103057,0.5300362817303449,0,original
0.0,0.0,0.0,0.0,0.0,0.0,0.0,0.0,0.0,0.0,0.0,0.0,0.0,0.0,0.0,0.0,0.0,0.0,0.0,0.0,0.0,0.0,0.0,0.0,0.0,0.0,0.0,0.0,0.0,0.0,1.0,0.0,0.0,0.0,0.0,0.0,0.0,0.0,1.0,1.0,1.0,1.0,-0.4746123635339198,-0.2276813069342859,-0.5747175615074499,-0.1488476901185356,0.0,-0.1275823755099971,0.5113126681018525,0,original
0.0,0.0,0.0,0.0,0.0,0.0,0.0,0.0,0.0,1.0,0.0,0.0,0.0,0.0,0.0,0.0,0.0,0.0,0.0,0.0,0.0,0.0,0.0,0.0,0.0,0.0,0.0,0.0,0.0,0.0,0.0,0.0,0.0,0.0,0.0,0.0,0.0,0.0,1.0,1.0,0.0,0.0,-0.0817609533818937,2.618584134018834,-0.7824595057587668,2.396878559850888,0.0,-0.1489878263481854,-1.885636010232942,1,original
0.0,0.0,0.0,0.0,0.0,0.0,0.0,0.0,0.0,0.0,0.0,0.0,0.0,0.0,0.0,0.0,0.0,0.0,0.0,0.0,0.0,0.0,0.0,1.0,0.0,0.0,0.0,0.0,0.0,0.0,0.0,0.0,0.0,0.0,0.0,0.0,0.0,0.0,1.0,0.0,0.0,1.0,-0.4746123635339198,-0.6202696436174749,1.1910889646287428,-0.7145646345561852,0.0,4.628329026607676,0.5241935003422286,0,original
0.0,0.0,0.0,0.0,0.0,0.0,0.0,0.0,0.0,0.0,0.0,0.0,0.0,0.0,0.0,0.0,0.0,0.0,0.0,0.0,0.0,0.0,0.0,1.0,0.0,0.0,0.0,0.0,0.0,0.0,0.0,0.0,0.0,0.0,0.0,0.0,0.0,0.0,1.0,1.0,0.0,0.0,2.2753475075302627,0.7537895347736864,0.6717341040004506,0.0397246246940143,0.0,-0.0868429690760257,0.5404084877786577,1,original
0.0,0.0,0.0,0.0,0.0,0.0,0.0,0.0,0.0,0.0,0.0,0.0,0.0,0.0,0.0,0.0,0.0,0.0,0.0,0.0,0.0,0.0,0.0,1.0,0.0,0.0,0.0,0.0,0.0,0.0,0.0,0.0,0.0,0.0,0.0,0.0,0.0,0.0,1.0,1.0,0.0,1.0,-0.4746123635339198,-0.4239754752758805,1.3988309088800597,-0.4317061623373604,0.0,-0.1469853809471936,0.524515140422916,0,original
0.0,0.0,0.0,0.0,0.0,0.0,0.0,0.0,0.0,0.0,0.0,0.0,0.0,0.0,1.0,0.0,0.0,0.0,0.0,0.0,0.0,0.0,0.0,0.0,0.0,0.0,0.0,0.0,0.0,0.0,0.0,0.0,0.0,0.0,0.0,0.0,0.0,0.0,1.0,1.0,0.0,0.0,0.7039418669221583,-0.0313871385926915,0.6717341040004506,0.605441569131664,0.0,-0.1489878263481854,0.5395301981508243,0,original
0.0,0.0,0.0,0.0,0.0,0.0,0.0,0.0,0.0,0.0,0.0,0.0,0.0,0.0,0.0,0.0,0.0,0.0,0.0,0.0,0.0,0.0,0.0,0.0,0.0,0.0,0.0,0.0,0.0,0.0,0.0,0.0,1.0,0.0,0.0,0.0,0.0,0.0,1.0,1.0,0.0,1.0,-0.4746123635339198,-0.5221225594466777,-0.7824595057587668,-0.1488476901185356,1.0,-0.1490914011103057,0.5300338683895066,0,original
0.0,0.0,0.0,0.0,0.0,0.0,0.0,0.0,0.0,0.0,0.0,0.0,0.0,0.0,0.0,0.0,0.0,0.0,0.0,0.0,0.0,0.0,0.0,1.0,0.0,0.0,0.0,0.0,0.0,0.0,0.0,0.0,0.0,0.0,0.0,0.0,0.0,0.0,1.0,1.0,0.0,1.0,-0.4746123635339198,-0.0313871385926915,-0.7824595057587668,0.1340107821002892,0.0,-0.1484354276168773,-1.9528769287622416,0,original
0.0,0.0,0.0,0.0,0.0,0.0,0.0,0.0,0.0,0.0,0.0,0.0,0.0,0.0,0.0,0.0,0.0,0.0,0.0,0.0,0.0,0.0,0.0,1.0,0.0,0.0,0.0,0.0,0.0,0.0,0.0,0.0,0.0,0.0,0.0,0.0,0.0,0.0,1.0,1.0,0.0,1.0,-0.4746123635339198,-0.4239754752758805,-0.2631046451304747,-0.4317061623373604,0.0,-0.1489878263481854,0.5124345387170525,0,original
0.0,0.0,0.0,0.0,0.0,0.0,0.0,0.0,0.0,0.0,0.0,0.0,0.0,0.0,0.0,0.0,0.0,0.0,0.0,0.0,0.0,0.0,0.0,0.0,0.0,0.0,0.0,0.0,0.0,0.0,0.0,0.0,1.0,0.0,0.0,0.0,0.0,0.0,1.0,1.0,0.0,1.0,-0.4746123635339198,-0.4239754752758805,-0.7824595057587668,-0.6202784771499104,0.0,-0.1486425771411179,0.5300356991997976,0,original
0.0,0.0,0.0,0.0,0.0,0.0,0.0,0.0,0.0,0.0,0.0,0.0,0.0,0.0,0.0,0.0,0.0,0.0,0.0,0.0,0.0,0.0,0.0,1.0,0.0,0.0,0.0,0.0,0.0,0.0,0.0,0.0,0.0,0.0,0.0,0.0,0.0,0.0,1.0,0.0,0.0,1.0,-0.4746123635339198,-0.6202696436174749,-0.4708465893817916,-0.7145646345561852,0.0,-0.1487461519032381,0.5111362445647095,0,original
0.0,0.0,0.0,0.0,0.0,0.0,0.0,0.0,0.0,0.0,0.0,0.0,0.0,0.0,0.0,0.0,0.0,0.0,0.0,0.0,0.0,0.0,0.0,1.0,0.0,0.0,0.0,0.0,0.0,0.0,0.0,0.0,0.0,0.0,0.0,0.0,0.0,0.0,1.0,1.0,0.0,1.0,-0.4746123635339198,-0.5221225594466777,0.1523792433721587,-0.5259923197436354,0.0,-0.1466056068194193,0.5116552792822381,0,original
0.0,0.0,0.0,0.0,0.0,0.0,0.0,0.0,0.0,0.0,0.0,0.0,0.0,0.0,0.0,0.0,0.0,0.0,0.0,0.0,0.0,0.0,0.0,1.0,0.0,0.0,0.0,0.0,0.0,0.0,0.0,0.0,0.0,0.0,0.0,0.0,0.0,0.0,1.0,1.0,0.0,1.0,-0.4746123635339198,-0.5221225594466777,-0.6785885336331083,-0.5259923197436354,0.0,-0.1469853809471936,-1.952890659839425,0,original
0.0,0.0,0.0,0.0,1.0,0.0,0.0,0.0,0.0,0.0,0.0,0.0,0.0,0.0,0.0,0.0,0.0,0.0,0.0,0.0,0.0,0.0,0.0,0.0,0.0,0.0,0.0,0.0,0.0,0.0,0.0,0.0,0.0,0.0,0.0,0.0,0.0,0.0,1.0,1.0,1.0,1.0,-0.4746123635339198,2.422289965677239,-0.7824595057587668,2.208306245038338,0.0,-0.1489878263481854,-1.88563650954484,1,original
0.0,0.0,0.0,0.0,0.0,0.0,0.0,0.0,0.0,0.0,0.0,0.0,0.0,0.0,0.0,0.0,0.0,0.0,0.0,0.0,0.0,0.0,0.0,0.0,0.0,0.0,0.0,0.0,0.0,1.0,0.0,0.0,0.0,0.0,0.0,0.0,0.0,0.0,1.0,1.0,0.0,0.0,0.1146647516941192,-0.3258283911050832,-0.7824595057587668,-0.4317061623373604,0.0,-0.1489533014274787,-1.8856449146284489,0,original
0.0,0.0,0.0,0.0,0.0,0.0,0.0,0.0,0.0,0.0,0.0,0.0,0.0,0.0,0.0,0.0,0.0,0.0,0.0,0.0,0.0,0.0,0.0,0.0,0.0,0.0,0.0,0.0,0.0,0.0,0.0,0.0,1.0,0.0,0.0,0.0,0.0,0.0,1.0,0.0,0.0,1.0,-0.4746123635339198,-0.6202696436174749,-0.5747175615074499,-0.7145646345561852,0.0,-0.1489533014274787,0.5300412748493206,0,original
0.0,0.0,0.0,0.0,0.0,0.0,0.0,0.0,0.0,0.0,0.0,0.0,0.0,0.0,0.0,0.0,0.0,0.0,0.0,0.0,0.0,0.0,0.0,1.0,0.0,0.0,0.0,0.0,0.0,0.0,0.0,0.0,0.0,0.0,0.0,0.0,0.0,0.0,1.0,0.0,0.0,1.0,-0.4746123635339198,-0.6202696436174749,2.437540630136643,-0.7145646345561852,0.0,-0.1488842515860652,0.5402408854183718,0,original
0.0,0.0,0.0,0.0,0.0,0.0,0.0,0.0,0.0,0.0,0.0,0.0,0.0,0.0,0.0,0.0,0.0,0.0,0.0,0.0,0.0,0.0,0.0,0.0,0.0,0.0,0.0,0.0,0.0,0.0,0.0,0.0,1.0,0.0,0.0,0.0,0.0,0.0,1.0,0.0,0.0,1.0,-0.4746123635339198,-0.6202696436174749,-0.5747175615074499,-0.7145646345561852,0.0,-0.1489878263481854,0.5227873548200095,0,original
0.0,0.0,0.0,0.0,0.0,0.0,0.0,0.0,0.0,0.0,0.0,0.0,0.0,0.0,0.0,0.0,0.0,0.0,0.0,0.0,0.0,0.0,0.0,1.0,0.0,0.0,0.0,0.0,0.0,0.0,0.0,0.0,0.0,0.0,0.0,0.0,0.0,0.0,1.0,0.0,0.0,1.0,-0.4746123635339198,-0.6202696436174749,-0.6785885336331083,-0.7145646345561852,1.0,-0.1490914011103057,-1.950474822441661,0,original
0.0,0.0,0.0,0.0,0.0,0.0,0.0,0.0,0.0,0.0,0.0,0.0,0.0,0.0,0.0,0.0,0.0,0.0,0.0,0.0,0.0,0.0,0.0,0.0,0.0,0.0,0.0,0.0,0.0,0.0,0.0,0.0,0.0,0.0,0.0,0.0,1.0,0.0,1.0,1.0,0.0,0.0,3.650327443062354,1.440819123969267,-0.7824595057587668,1.2654446709755889,0.0,-0.1489533014274787,-1.8856391725416264,1,original
0.0,0.0,0.0,0.0,0.0,0.0,0.0,0.0,0.0,0.0,0.0,0.0,0.0,0.0,0.0,0.0,0.0,0.0,0.0,0.0,0.0,0.0,0.0,0.0,0.0,0.0,0.0,0.0,0.0,0.0,1.0,0.0,0.0,0.0,0.0,0.0,0.0,0.0,0.0,1.0,1.0,1.0,-0.4746123635339198,0.1649070297489029,-0.7824595057587668,0.511155411725389,0.0,-0.1482628030133436,0.5382978963876107,1,original
0.0,0.0,0.0,0.0,0.0,0.0,0.0,0.0,0.0,0.0,0.0,0.0,0.0,1.0,0.0,0.0,0.0,0.0,0.0,0.0,0.0,0.0,0.0,0.0,0.0,0.0,0.0,0.0,0.0,0.0,0.0,0.0,0.0,0.0,0.0,0.0,0.0,0.0,1.0,1.0,1.0,1.0,-0.4746123635339198,-0.1295342227634887,-0.5747175615074499,-0.0545615327122606,0.0,-0.1485390023789976,0.5113139996002459,1,original
0.0,0.0,0.0,0.0,0.0,0.0,0.0,0.0,0.0,0.0,0.0,0.0,1.0,0.0,0.0,0.0,0.0,0.0,0.0,0.0,0.0,0.0,0.0,0.0,0.0,0.0,0.0,0.0,0.0,0.0,0.0,0.0,0.0,0.0,0.0,0.0,0.0,0.0,1.0,1.0,0.0,0.0,1.2932189821501974,3.3056137232144147,-0.7824595057587668,3.0568816616948125,0.0,-0.1489878263481854,-1.8856340962040008,1,original
0.0,0.0,0.0,0.0,0.0,0.0,0.0,0.0,0.0,0.0,0.0,0.0,0.0,1.0,0.0,0.0,0.0,0.0,0.0,0.0,0.0,0.0,0.0,0.0,0.0,0.0,0.0,0.0,0.0,0.0,0.0,0.0,0.0,0.0,0.0,0.0,0.0,0.0,1.0,1.0,0.0,0.0,-0.0817609533818937,-0.4239754752758805,2.64528257438796,-0.5259923197436354,0.0,-0.1468818061850733,0.5402557815566494,0,original
0.0,0.0,0.0,0.0,0.0,0.0,0.0,0.0,0.0,0.0,0.0,0.0,0.0,0.0,0.0,0.0,0.0,0.0,0.0,1.0,0.0,0.0,0.0,0.0,0.0,0.0,0.0,0.0,0.0,0.0,0.0,0.0,0.0,0.0,0.0,0.0,0.0,0.0,1.0,1.0,0.0,1.0,-0.4746123635339198,-0.5221225594466777,-0.5747175615074499,-0.5259923197436354,0.0,-0.1481247033305165,0.5227896849421981,0,original
0.0,0.0,0.0,0.0,0.0,0.0,0.0,0.0,0.0,0.0,0.0,0.0,0.0,0.0,0.0,0.0,0.0,0.0,0.0,0.0,0.0,0.0,0.0,0.0,0.0,0.0,0.0,0.0,0.0,0.0,0.0,0.0,1.0,0.0,0.0,0.0,0.0,0.0,1.0,1.0,0.0,1.0,-0.4746123635339198,-0.4239754752758805,-0.7824595057587668,-0.6202784771499104,0.0,-0.1486425771411179,0.5300348670133017,0,original
0.0,0.0,0.0,0.0,0.0,0.0,0.0,0.0,0.0,0.0,0.0,0.0,0.0,0.0,0.0,0.0,0.0,0.0,0.0,0.0,0.0,0.0,0.0,1.0,0.0,0.0,0.0,0.0,0.0,0.0,0.0,0.0,0.0,0.0,0.0,0.0,0.0,0.0,1.0,0.0,0.0,1.0,-0.4746123635339198,-0.6202696436174749,-0.3669756172561331,-0.7145646345561852,0.0,-0.1435328888765181,0.511138408249599,0,original
0.0,0.0,0.0,0.0,1.0,0.0,0.0,0.0,0.0,0.0,0.0,0.0,0.0,0.0,0.0,0.0,0.0,0.0,0.0,0.0,0.0,0.0,0.0,0.0,0.0,0.0,0.0,0.0,0.0,0.0,0.0,0.0,0.0,0.0,0.0,0.0,0.0,0.0,1.0,1.0,0.0,0.0,1.4896446872262104,3.403760807385212,-0.7824595057587668,3.1511678191010875,0.0,-0.1489878263481854,-1.8856338465480529,1,original
0.0,0.0,0.0,0.0,0.0,0.0,0.0,0.0,0.0,0.0,0.0,0.0,0.0,0.0,0.0,0.0,0.0,0.0,0.0,0.0,0.0,0.0,0.0,0.0,0.0,0.0,0.0,0.0,0.0,0.0,1.0,0.0,0.0,0.0,0.0,0.0,0.0,0.0,0.0,1.0,1.0,1.0,-0.4746123635339198,-0.3258283911050832,-0.7824595057587668,-0.3374200049310855,0.0,-0.1485390023789976,0.538287327619112,0,original
0.0,0.0,0.0,0.0,0.0,0.0,0.0,0.0,0.0,0.0,0.0,0.0,0.0,0.0,0.0,0.0,0.0,0.0,0.0,0.0,0.0,0.0,0.0,0.0,0.0,0.0,0.0,0.0,0.0,0.0,0.0,0.0,1.0,0.0,0.0,0.0,0.0,0.0,1.0,1.0,0.0,1.0,-0.4746123635339198,-0.4239754752758805,-0.7824595057587668,0.3225830969128391,0.0,-0.1488152017446516,0.5300345341387034,1,original
0.0,0.0,0.0,0.0,0.0,0.0,0.0,0.0,0.0,0.0,0.0,0.0,0.0,0.0,0.0,0.0,0.0,0.0,0.0,0.0,0.0,0.0,0.0,1.0,0.0,0.0,0.0,0.0,0.0,0.0,0.0,0.0,0.0,0.0,0.0,0.0,0.0,0.0,1.0,1.0,0.0,1.0,-0.4746123635339198,-0.4239754752758805,-0.6785885336331083,-0.4317061623373604,0.0,-0.1489187765067719,-1.9528902437461773,0,original
0.0,0.0,0.0,0.0,0.0,0.0,0.0,0.0,0.0,0.0,0.0,0.0,0.0,0.0,0.0,0.0,0.0,0.0,0.0,0.0,0.0,0.0,0.0,0.0,0.0,0.0,0.0,0.0,0.0,0.0,1.0,0.0,0.0,0.0,0.0,0.0,0.0,0.0,1.0,1.0,1.0,1.0,-0.4746123635339198,0.0667599455781057,-0.5747175615074499,0.2282969395065641,0.0,-0.1392517987088804,0.5114501453109846,1,original
0.0,0.0,0.0,0.0,0.0,0.0,0.0,0.0,0.0,0.0,0.0,0.0,0.0,0.0,0.0,0.0,0.0,0.0,0.0,0.0,0.0,0.0,0.0,1.0,0.0,0.0,0.0,0.0,0.0,0.0,0.0,0.0,0.0,0.0,0.0,0.0,0.0,0.0,1.0,1.0,0.0,1.0,-0.4746123635339198,-0.3258283911050832,1.3988309088800597,-0.1488476901185356,0.0,-0.1488497266653584,0.5245157229534633,0,original
0.0,0.0,0.0,0.0,0.0,0.0,0.0,0.0,0.0,0.0,0.0,0.0,0.0,1.0,0.0,0.0,0.0,0.0,0.0,0.0,0.0,0.0,0.0,0.0,0.0,0.0,0.0,0.0,0.0,0.0,0.0,0.0,0.0,0.0,0.0,0.0,0.0,0.0,1.0,1.0,0.0,0.0,-0.2781866584579068,-0.5221225594466777,2.64528257438796,-0.6202784771499104,0.0,-0.1487806768239449,0.5402504555630754,0,original
0.0,0.0,0.0,0.0,0.0,0.0,0.0,0.0,0.0,0.0,0.0,0.0,0.0,0.0,0.0,0.0,0.0,0.0,0.0,0.0,0.0,0.0,0.0,1.0,0.0,0.0,0.0,0.0,0.0,0.0,0.0,0.0,0.0,0.0,0.0,0.0,0.0,0.0,1.0,0.0,0.0,1.0,-0.4746123635339198,-0.6202696436174749,-0.6785885336331083,-0.7145646345561852,1.0,-0.1490914011103057,0.5111287548862459,0,original
0.0,0.0,0.0,0.0,0.0,0.0,0.0,0.0,0.0,0.0,0.0,0.0,0.0,0.0,0.0,0.0,0.0,0.0,0.0,0.0,0.0,0.0,0.0,1.0,0.0,0.0,0.0,0.0,0.0,0.0,0.0,0.0,0.0,0.0,0.0,0.0,0.0,0.0,1.0,0.0,0.0,1.0,-0.4746123635339198,-0.6202696436174749,1.2949599367544011,-0.7145646345561852,0.0,-0.1443614869734802,0.5242049012972232,0,original
0.0,0.0,0.0,0.0,0.0,0.0,0.0,0.0,0.0,0.0,0.0,0.0,0.0,0.0,0.0,0.0,0.0,0.0,0.0,0.0,0.0,0.0,0.0,1.0,0.0,0.0,0.0,0.0,0.0,0.0,0.0,0.0,0.0,0.0,0.0,0.0,0.0,0.0,1.0,1.0,0.0,1.0,-0.4746123635339198,-0.4239754752758805,0.6717341040004506,-0.4317061623373604,0.0,-0.1487806768239449,0.5126148735307264,0,original
0.0,0.0,0.0,0.0,0.0,0.0,0.0,0.0,0.0,0.0,0.0,0.0,0.0,0.0,0.0,0.0,0.0,0.0,0.0,0.0,0.0,0.0,0.0,1.0,0.0,0.0,0.0,0.0,0.0,0.0,0.0,0.0,0.0,0.0,0.0,0.0,0.0,0.0,1.0,1.0,0.0,1.0,-0.4746123635339198,-0.5221225594466777,2.541411602262302,-0.5259923197436354,0.0,-0.1485390023789976,0.5402429658846117,0,original
0.0,0.0,0.0,0.0,0.0,0.0,0.0,0.0,0.0,0.0,0.0,0.0,0.0,0.0,0.0,0.0,0.0,0.0,0.0,0.0,0.0,0.0,0.0,0.0,0.0,0.0,0.0,0.0,0.0,0.0,0.0,0.0,1.0,0.0,0.0,0.0,0.0,0.0,1.0,1.0,0.0,1.0,-0.4746123635339198,-0.3258283911050832,-0.6785885336331083,-0.5259923197436354,0.0,-0.1489533014274787,0.5300458518750484,0,original
0.0,0.0,0.0,0.0,0.0,0.0,0.0,0.0,0.0,0.0,0.0,0.0,0.0,0.0,0.0,0.0,0.0,0.0,0.0,0.0,0.0,0.0,0.0,1.0,0.0,0.0,0.0,0.0,0.0,0.0,0.0,0.0,0.0,0.0,0.0,0.0,0.0,0.0,1.0,1.0,0.0,1.0,-0.4746123635339198,-0.3258283911050832,2.541411602262302,-0.2431338475248105,0.0,-0.1481592282512233,0.5402479590035875,0,original
0.0,0.0,0.0,0.0,0.0,0.0,0.0,0.0,0.0,0.0,0.0,0.0,0.0,0.0,0.0,0.0,0.0,0.0,0.0,0.0,0.0,0.0,0.0,0.0,0.0,0.0,0.0,0.0,0.0,0.0,0.0,0.0,1.0,0.0,0.0,0.0,0.0,0.0,1.0,0.0,0.0,1.0,-0.4746123635339198,-0.6202696436174749,-0.5747175615074499,-0.7145646345561852,0.0,-0.1451900850704423,0.5300450196885524,0,original
0.0,0.0,0.0,0.0,0.0,0.0,0.0,0.0,0.0,0.0,0.0,0.0,0.0,0.0,1.0,0.0,0.0,0.0,0.0,0.0,0.0,0.0,0.0,0.0,0.0,0.0,0.0,0.0,0.0,0.0,0.0,0.0,0.0,0.0,0.0,0.0,0.0,0.0,1.0,0.0,0.0,1.0,-0.4746123635339198,-0.6202696436174749,1.5027018810057178,-0.7145646345561852,0.0,-0.1488497266653584,0.5245552518120212,0,original
0.0,0.0,0.0,0.0,0.0,0.0,0.0,0.0,0.0,0.0,0.0,0.0,0.0,0.0,0.0,0.0,0.0,0.0,0.0,0.0,0.0,0.0,0.0,1.0,0.0,0.0,0.0,0.0,0.0,0.0,0.0,0.0,0.0,0.0,0.0,0.0,0.0,0.0,1.0,1.0,0.0,1.0,-0.4746123635339198,-0.2276813069342859,0.1523792433721587,-0.0545615327122606,0.0,-0.1483663777754638,0.5116876513369308,0,original
0.0,0.0,0.0,0.0,0.0,0.0,0.0,0.0,0.0,0.0,0.0,0.0,0.0,0.0,0.0,0.0,0.0,0.0,0.0,0.0,0.0,0.0,0.0,1.0,0.0,0.0,0.0,0.0,0.0,0.0,0.0,0.0,0.0,0.0,0.0,0.0,0.0,0.0,1.0,0.0,0.0,1.0,-0.4746123635339198,-0.6202696436174749,0.1523792433721587,-0.7145646345561852,0.0,-0.1486771020618246,0.5126073006336133,0,original
0.0,0.0,0.0,0.0,0.0,0.0,0.0,0.0,0.0,0.0,0.0,0.0,0.0,0.0,0.0,0.0,0.0,0.0,0.0,0.0,0.0,0.0,0.0,1.0,0.0,0.0,0.0,0.0,0.0,0.0,0.0,0.0,0.0,0.0,0.0,0.0,0.0,0.0,1.0,0.0,0.0,1.0,-0.4746123635339198,-0.6202696436174749,-0.6785885336331083,-0.7145646345561852,1.0,-0.1490914011103057,0.5112257046130249,0,original
0.0,0.0,0.0,0.0,0.0,0.0,0.0,0.0,0.0,0.0,0.0,0.0,0.0,0.0,0.0,0.0,0.0,0.0,0.0,1.0,0.0,0.0,0.0,0.0,0.0,0.0,0.0,0.0,0.0,0.0,0.0,0.0,0.0,0.0,0.0,0.0,0.0,0.0,1.0,1.0,0.0,1.0,-0.4746123635339198,-0.5221225594466777,-0.7824595057587668,-0.5259923197436354,1.0,-0.1490914011103057,0.5227097118199366,0,original
0.0,0.0,0.0,0.0,0.0,0.0,0.0,0.0,0.0,0.0,0.0,0.0,0.0,0.0,0.0,0.0,0.0,0.0,0.0,0.0,0.0,0.0,0.0,0.0,0.0,0.0,1.0,0.0,0.0,0.0,0.0,0.0,0.0,0.0,0.0,0.0,0.0,0.0,1.0,1.0,0.0,0.0,-0.2781866584579068,-0.5221225594466777,-0.7824595057587668,-0.6202784771499104,1.0,-0.1490914011103057,-1.885645497158996,0,original
0.0,0.0,0.0,0.0,0.0,0.0,0.0,0.0,0.0,0.0,0.0,0.0,0.0,0.0,0.0,0.0,0.0,0.0,0.0,0.0,0.0,1.0,0.0,0.0,0.0,0.0,0.0,0.0,0.0,0.0,0.0,0.0,0.0,0.0,0.0,0.0,0.0,0.0,1.0,1.0,0.0,0.0,1.2932189821501974,0.2630541139197002,-0.7824595057587668,0.1340107821002892,0.0,-0.1489878263481854,-1.88564275094356,1,original
0.0,0.0,0.0,0.0,0.0,0.0,0.0,0.0,0.0,0.0,0.0,0.0,0.0,0.0,0.0,0.0,0.0,0.0,0.0,0.0,0.0,0.0,0.0,1.0,0.0,0.0,0.0,0.0,0.0,0.0,0.0,0.0,0.0,0.0,0.0,0.0,0.0,0.0,1.0,0.0,0.0,1.0,-0.4746123635339198,-0.6202696436174749,0.1523792433721587,-0.7145646345561852,0.0,-0.144948410625495,0.5116492875394671,0,original
0.0,0.0,0.0,0.0,0.0,0.0,0.0,0.0,0.0,0.0,0.0,0.0,0.0,0.0,0.0,0.0,0.0,0.0,0.0,0.0,0.0,0.0,0.0,0.0,0.0,0.0,0.0,0.0,0.0,0.0,0.0,0.0,0.0,1.0,0.0,0.0,0.0,0.0,1.0,1.0,0.0,0.0,0.9003675719981714,3.1093195548728203,-0.7824595057587668,2.868309346882263,0.0,-0.1489878263481854,-1.8856346787345488,1,original
0.0,0.0,0.0,0.0,0.0,0.0,0.0,0.0,0.0,0.0,0.0,0.0,0.0,0.0,0.0,0.0,0.0,0.0,0.0,0.0,0.0,0.0,0.0,1.0,0.0,0.0,0.0,0.0,0.0,0.0,0.0,0.0,0.0,0.0,0.0,0.0,0.0,0.0,1.0,0.0,0.0,1.0,-0.4746123635339198,-0.6202696436174749,-0.5747175615074499,-0.7145646345561852,0.0,-0.1368695791801143,0.5112551640149818,0,original
0.0,0.0,0.0,0.0,0.0,0.0,0.0,0.0,0.0,0.0,0.0,0.0,0.0,0.0,0.0,0.0,0.0,0.0,0.0,0.0,0.0,0.0,0.0,1.0,0.0,0.0,0.0,0.0,0.0,0.0,0.0,0.0,0.0,0.0,0.0,0.0,0.0,0.0,1.0,1.0,0.0,1.0,-0.4746123635339198,-0.5221225594466777,1.3988309088800597,-0.5259923197436354,0.0,-0.0280125041917146,0.5245100640852907,0,original
0.0,0.0,0.0,0.0,0.0,0.0,0.0,0.0,0.0,0.0,0.0,0.0,0.0,1.0,0.0,0.0,0.0,0.0,0.0,0.0,0.0,0.0,0.0,0.0,0.0,0.0,0.0,0.0,0.0,0.0,0.0,0.0,0.0,0.0,0.0,0.0,0.0,0.0,1.0,1.0,0.0,0.0,-0.0817609533818937,-0.0313871385926915,1.3988309088800597,0.6997277265379389,0.0,-0.1487116269825314,0.524546430635164,0,original
0.0,0.0,0.0,0.0,0.0,0.0,0.0,0.0,0.0,0.0,0.0,0.0,0.0,0.0,0.0,0.0,0.0,0.0,0.0,0.0,0.0,0.0,0.0,1.0,0.0,0.0,0.0,0.0,0.0,0.0,0.0,0.0,0.0,0.0,0.0,0.0,0.0,0.0,1.0,1.0,1.0,1.0,-0.4746123635339198,0.0667599455781057,-0.7824595057587668,1.1711585135693137,0.0,-0.1488842515860652,0.5245530049084821,1,original
0.0,0.0,0.0,0.0,0.0,0.0,0.0,0.0,0.0,0.0,0.0,0.0,0.0,0.0,0.0,0.0,0.0,0.0,0.0,0.0,0.0,0.0,0.0,0.0,0.0,0.0,0.0,0.0,0.0,0.0,1.0,0.0,0.0,0.0,0.0,0.0,0.0,0.0,1.0,1.0,0.0,0.0,0.1146647516941192,0.0667599455781057,1.3988309088800597,0.7940138839442139,0.0,-0.1483663777754638,0.5245481782268056,0,original
0.0,0.0,0.0,0.0,0.0,0.0,0.0,0.0,0.0,0.0,0.0,0.0,0.0,0.0,0.0,0.0,0.0,0.0,0.0,0.0,0.0,0.0,0.0,1.0,0.0,0.0,0.0,0.0,0.0,0.0,0.0,0.0,0.0,0.0,0.0,0.0,0.0,0.0,1.0,0.0,0.0,1.0,-0.4746123635339198,-0.6202696436174749,2.333669658010985,-0.7145646345561852,0.0,-0.1397696725194817,0.5402403861064743,0,original
0.0,0.0,0.0,0.0,0.0,0.0,0.0,0.0,0.0,0.0,0.0,0.0,0.0,0.0,0.0,0.0,0.0,0.0,0.0,0.0,0.0,0.0,0.0,0.0,0.0,0.0,0.0,0.0,0.0,0.0,0.0,0.0,1.0,0.0,0.0,0.0,0.0,0.0,1.0,1.0,0.0,1.0,-0.4746123635339198,-0.5221225594466777,-0.7824595057587668,0.0397246246940143,1.0,-0.1490914011103057,0.5300343677014041,0,original
0.0,0.0,0.0,0.0,0.0,0.0,0.0,0.0,0.0,0.0,0.0,0.0,0.0,0.0,0.0,0.0,0.0,0.0,0.0,0.0,0.0,0.0,0.0,1.0,0.0,0.0,0.0,0.0,0.0,0.0,0.0,0.0,0.0,0.0,0.0,0.0,0.0,0.0,1.0,1.0,1.0,1.0,-0.4746123635339198,1.048230787286078,-0.5747175615074499,-0.2431338475248105,0.0,-0.1482973279340503,0.5122674356686643,0,original
0.0,0.0,0.0,0.0,0.0,0.0,0.0,0.0,0.0,0.0,0.0,0.0,0.0,0.0,0.0,0.0,0.0,0.0,0.0,0.0,0.0,0.0,0.0,1.0,0.0,0.0,0.0,0.0,0.0,0.0,0.0,0.0,0.0,0.0,0.0,0.0,0.0,0.0,1.0,1.0,0.0,1.0,-0.4746123635339198,0.0667599455781057,1.2949599367544011,0.3225830969128391,0.0,-0.1483318528547571,0.5242163854708674,0,original
0.0,0.0,0.0,0.0,0.0,0.0,0.0,0.0,0.0,0.0,0.0,0.0,0.0,0.0,0.0,0.0,0.0,0.0,0.0,0.0,0.0,0.0,0.0,0.0,0.0,0.0,0.0,0.0,0.0,0.0,0.0,0.0,1.0,0.0,0.0,0.0,0.0,0.0,1.0,1.0,0.0,1.0,-0.4746123635339198,-0.4239754752758805,-0.7824595057587668,-0.5259923197436354,0.0,-0.1487461519032381,0.5300351998879002,0,original
0.0,0.0,0.0,0.0,0.0,0.0,0.0,0.0,0.0,0.0,0.0,0.0,0.0,0.0,0.0,0.0,0.0,0.0,0.0,0.0,0.0,0.0,0.0,0.0,0.0,0.0,0.0,0.0,0.0,0.0,0.0,0.0,1.0,0.0,0.0,0.0,0.0,0.0,1.0,0.0,0.0,1.0,-0.4746123635339198,-0.6202696436174749,-0.6785885336331083,-0.7145646345561852,0.0,-0.1486771020618246,0.5300346173573529,0,original
0.0,0.0,0.0,0.0,0.0,0.0,0.0,0.0,0.0,0.0,0.0,0.0,0.0,0.0,0.0,0.0,0.0,0.0,0.0,0.0,0.0,0.0,0.0,1.0,0.0,0.0,0.0,0.0,0.0,0.0,0.0,0.0,0.0,0.0,0.0,0.0,0.0,0.0,1.0,0.0,0.0,1.0,-0.4746123635339198,-0.6202696436174749,-0.2631046451304747,-0.7145646345561852,0.0,-0.1197106935888569,0.5124335400932574,0,original
0.0,0.0,0.0,0.0,0.0,0.0,0.0,0.0,0.0,0.0,0.0,0.0,0.0,0.0,0.0,0.0,0.0,0.0,0.0,1.0,0.0,0.0,0.0,0.0,0.0,0.0,0.0,0.0,0.0,0.0,0.0,0.0,0.0,0.0,0.0,0.0,0.0,0.0,1.0,1.0,0.0,1.0,-0.4746123635339198,-0.5221225594466777,-0.1592336730048164,-0.5259923197436354,0.0,1.7183615599180924,0.5298621883153906,0,original
0.0,0.0,0.0,0.0,0.0,0.0,0.0,0.0,0.0,0.0,0.0,0.0,0.0,0.0,0.0,0.0,0.0,0.0,0.0,0.0,0.0,0.0,0.0,0.0,0.0,0.0,0.0,0.0,0.0,0.0,0.0,0.0,1.0,0.0,0.0,0.0,0.0,0.0,1.0,1.0,0.0,1.0,-0.4746123635339198,-0.4239754752758805,-0.7824595057587668,-0.6202784771499104,0.0,-0.1486771020618246,0.5300413580679701,0,original
0.0,0.0,0.0,0.0,0.0,0.0,0.0,0.0,0.0,0.0,0.0,0.0,0.0,0.0,0.0,0.0,0.0,0.0,0.0,0.0,0.0,0.0,0.0,0.0,0.0,0.0,0.0,0.0,0.0,0.0,0.0,0.0,1.0,0.0,0.0,0.0,0.0,0.0,1.0,0.0,0.0,1.0,-0.4746123635339198,-0.6202696436174749,-0.6785885336331083,-0.7145646345561852,0.0,-0.1486425771411179,0.5300356159811481,0,original
0.0,0.0,0.0,0.0,0.0,0.0,0.0,0.0,0.0,0.0,0.0,0.0,0.0,0.0,0.0,0.0,0.0,0.0,0.0,0.0,0.0,0.0,0.0,1.0,0.0,0.0,0.0,0.0,0.0,0.0,0.0,0.0,0.0,0.0,0.0,0.0,0.0,0.0,1.0,1.0,1.0,1.0,-0.4746123635339198,-0.3258283911050832,-0.5747175615074499,-0.3374200049310855,0.0,-0.1490568761895989,0.5111242610791678,0,original
0.0,0.0,0.0,0.0,0.0,0.0,0.0,0.0,0.0,0.0,0.0,0.0,0.0,0.0,0.0,0.0,0.0,0.0,0.0,0.0,0.0,0.0,0.0,1.0,0.0,0.0,0.0,0.0,0.0,0.0,0.0,0.0,0.0,0.0,0.0,0.0,0.0,0.0,1.0,0.0,0.0,1.0,-0.4746123635339198,-0.6202696436174749,-0.3669756172561331,-0.7145646345561852,0.0,-0.1481937531719301,0.5123627210224514,0,original
0.0,0.0,0.0,0.0,0.0,0.0,0.0,0.0,0.0,0.0,0.0,0.0,0.0,0.0,0.0,0.0,0.0,0.0,0.0,1.0,0.0,0.0,0.0,0.0,0.0,0.0,0.0,0.0,0.0,0.0,0.0,0.0,0.0,0.0,0.0,0.0,0.0,0.0,1.0,0.0,0.0,1.0,-0.4746123635339198,-0.6202696436174749,0.1523792433721587,-0.7145646345561852,0.0,-0.1487806768239449,0.5382417237991336,0,original
0.0,0.0,0.0,0.0,0.0,0.0,0.0,0.0,0.0,0.0,0.0,0.0,0.0,1.0,0.0,0.0,0.0,0.0,0.0,0.0,0.0,0.0,0.0,0.0,0.0,0.0,0.0,0.0,0.0,0.0,0.0,0.0,0.0,0.0,0.0,0.0,0.0,0.0,1.0,0.0,0.0,1.0,-0.4746123635339198,-0.6202696436174749,2.64528257438796,-0.7145646345561852,0.0,-0.1488152017446516,0.540249706595229,0,original
0.0,0.0,0.0,0.0,0.0,0.0,0.0,0.0,0.0,0.0,0.0,0.0,0.0,0.0,0.0,0.0,0.0,0.0,0.0,0.0,0.0,0.0,0.0,1.0,0.0,0.0,0.0,0.0,0.0,0.0,0.0,0.0,0.0,0.0,0.0,0.0,0.0,0.0,1.0,0.0,0.0,1.0,-0.4746123635339198,-0.6202696436174749,0.4639921597491339,-0.7145646345561852,0.0,-0.1479520787269828,0.5117900934945832,0,original
