Source,Mean,Std
Imbalanced data,"[0.9816138241035545, 0.9820003043316167, 0.9827800269905533, 0.9746969696969695]","[0.022904093409555935, 0.01777908098643009, 0.021868278631173733, 0.02500690310435212]"
0,"[0.981664697382284, 0.9826625809869851, 0.9841228070175438, 0.9755791245791245]","[0.021467247025439815, 0.016228251185705644, 0.022324478549249835, 0.022851237180674888]"
1,"[0.980835673285609, 0.9816102444605315, 0.9828272604588393, 0.9741144781144782]","[0.021287696291905082, 0.016849574701135878, 0.023006255690336104, 0.02370146913250528]"
2,"[0.9811042786639707, 0.9817398160326414, 0.9828137651821863, 0.9742996632996633]","[0.021345020144497632, 0.01654549334869955, 0.02243271719568697, 0.023268797552544844]"
3,"[0.981084211297305, 0.981188576777292, 0.9817678812415654, 0.9735622895622896]","[0.02136576709265439, 0.01712783931665336, 0.02399864330085724, 0.02403788007009193]"
4,"[0.9813549040548399, 0.9818631881856936, 0.9828205128205129, 0.9744781144781145]","[0.02112284827460285, 0.01643579107598478, 0.02272129719813592, 0.023117512632453485]"
5,"[0.9808741074687802, 0.981212791538349, 0.9820580296896086, 0.9735622895622895]","[0.021523128204652228, 0.01638514888226473, 0.02344570712350857, 0.02302294170260837]"
6,"[0.981380180343274, 0.981736020249465, 0.9825708502024291, 0.9743030303030302]","[0.021363502211498853, 0.016537846417085136, 0.023255978995587383, 0.02324860991607562]"
7,"[0.9811557636188573, 0.9817352624666953, 0.9828137651821862, 0.9742929292929293]","[0.021559221315917396, 0.01604138207928827, 0.022754744294061536, 0.02253958541042821]"
8,"[0.9816489886252401, 0.9816063965498342, 0.982051282051282, 0.9741178451178452]","[0.021988612515703013, 0.016538910754390478, 0.02286503731691097, 0.023306895152560313]"
9,"[0.9818298637335865, 0.9818605923891067, 0.9823009446693657, 0.9744848484848485]","[0.020717661453630236, 0.01621749772677906, 0.021998512795411172, 0.022804760285519064]"
10,"[0.9809304254881919, 0.9825326933239069, 0.984608636977058, 0.9754208754208754]","[0.022563334884542617, 0.01652030679720156, 0.021822679185210813, 0.023277222021998]"
11,"[0.98182204923893, 0.9811790431858796, 0.9809986504723348, 0.9735622895622895]","[0.021020742624894877, 0.016926654287013242, 0.02378266750220977, 0.023740429155984812]"
12,"[0.9806001943485897, 0.9816966096187756, 0.9833130904183537, 0.9743299663299664]","[0.02230392400013983, 0.018436154636149973, 0.02563673786863947, 0.02568854198316936]"
13,"[0.9808402841717989, 0.9810694900099834, 0.9817813765182186, 0.9733771043771042]","[0.02127229308384933, 0.01671963311491848, 0.0236743080751706, 0.023475391456016154]"
14,"[0.9808470318101254, 0.9809396198801132, 0.9815249662618083, 0.9731986531986532]","[0.021577016274307678, 0.016923906910278216, 0.0238911719817048, 0.02376603566057531]"
15,"[0.9808660623445603, 0.981578735787963, 0.9828002699055329, 0.9741447811447812]","[0.02213329004677501, 0.017504147006025206, 0.024446106979997412, 0.024498058048440238]"
16,"[0.9800910440409798, 0.9809636944305037, 0.9823009446693657, 0.9732020202020202]","[0.02128683364807752, 0.016268181099798586, 0.022619358882046144, 0.02288512806608564]"
17,"[0.9801038645538004, 0.9809669368021671, 0.9823009446693657, 0.9732020202020202]","[0.021268312594295253, 0.015952816424525642, 0.022326803450479094, 0.02244208625647042]"
18,"[0.980603943950863, 0.9819817208346394, 0.9838394062078271, 0.9746936026936028]","[0.021774470831007718, 0.017476542515945326, 0.024091124216284912, 0.024471454593521763]"
19,"[0.9806042019357167, 0.9809605432845144, 0.9817948717948717, 0.9732020202020202]","[0.02145049239137509, 0.01606065735215631, 0.02248472257765231, 0.022583437857782242]"
20,"[0.9808400812681942, 0.9809469247134343, 0.9815182186234818, 0.9731986531986532]","[0.02156528756465359, 0.01649927988821054, 0.02273521485212786, 0.02318699525778536]"
21,"[0.9806208323955435, 0.9811587353231269, 0.9822604588394063, 0.9735993265993266]","[0.02226726570171745, 0.017899709727898703, 0.025794570984149622, 0.024939523491637392]"
22,"[0.9810872367627824, 0.9816036134610623, 0.9825641025641026, 0.9741144781144782]","[0.020780737651079254, 0.016034273809559765, 0.0223630457041929, 0.02253616018308594]"
23,"[0.9801162215093536, 0.9814770379148999, 0.9833333333333333, 0.9739629629629628]","[0.0224176727510039, 0.017350642147388292, 0.02364765664038118, 0.024372641991625376]"
24,"[0.9803346611398601, 0.9809714141900018, 0.9820580296896086, 0.9732053872053872]","[0.02107942217201477, 0.016243303950937673, 0.022495475571811595, 0.022864763318820615]"
25,"[0.9806362532177679, 0.9814973691144909, 0.9828407557354926, 0.9739427609427609]","[0.021380968908503887, 0.01589233439139259, 0.0223594895894725, 0.02236434985078528]"
26,"[0.9803413814228962, 0.9812308776224166, 0.9825641025641026, 0.9735656565656565]","[0.021077442110970672, 0.01602565971208925, 0.022051199460694993, 0.022567388481305226]"
27,"[0.9786680905503115, 0.9802171724383915, 0.9823076923076922, 0.97210101010101]","[0.022680976345686076, 0.016322669318696414, 0.022905738636285953, 0.02302695645837012]"
28,"[0.9804127498190398, 0.9818543246891219, 0.9838461538461538, 0.9745185185185186]","[0.022484560778460626, 0.01759126241573857, 0.02486554071256844, 0.024591845792445482]"
29,"[0.9801061208939899, 0.9804362090343317, 0.9812618083670714, 0.9724612794612795]","[0.021752385060483822, 0.016391696524444516, 0.023019013093596236, 0.02307015547898771]"
30,"[0.980163509688221, 0.9817163250250205, 0.9838394062078273, 0.9743367003367003]","[0.02240354064597777, 0.017552078243702123, 0.025173009618882657, 0.024464637196812713]"
31,"[0.980144159945187, 0.9802879705492511, 0.9810121457489878, 0.9722794612794613]","[0.021984488435251356, 0.01675481638481985, 0.024874181876182185, 0.02346702580901187]"
32,"[0.9801114916493607, 0.980432293461995, 0.981255060728745, 0.9724545454545453]","[0.021706872174439992, 0.016293900471756814, 0.023036358188382372, 0.02291293141560674]"
33,"[0.9803713537028684, 0.9804260982372113, 0.9809986504723345, 0.9724646464646465]","[0.021289157745150094, 0.015657749785949956, 0.02292305324714075, 0.02198957806279892]"
34,"[0.9795804180303539, 0.9797769906015741, 0.9804790823211875, 0.9715454545454546]","[0.021329414485157117, 0.015762228720866314, 0.022780501678765903, 0.022127668189601924]"
35,"[0.9803825283019764, 0.9808396185678663, 0.9817881241565452, 0.9730067340067339]","[0.021783698813822323, 0.016353909541834206, 0.022808314131587664, 0.023048561047874134]"
36,"[0.9803876976470045, 0.9805689008219995, 0.9812550607287449, 0.9726464646464646]","[0.021824679630391877, 0.016080285976688875, 0.02273374986822425, 0.022611633478189095]"
37,"[0.9806278227577973, 0.9812893756250263, 0.9825438596491227, 0.9737845117845118]","[0.022295427305512427, 0.0182849649978065, 0.026753455063934235, 0.025443810645060797]"
38,"[0.9806192085736375, 0.9806722803875034, 0.9812753036437247, 0.9728350168350168]","[0.021404695176418017, 0.01676919962715704, 0.024906258821592354, 0.02346962590289827]"
39,"[0.9804109041153329, 0.9809489183875131, 0.9820445344129554, 0.9731952861952862]","[0.021600723494906132, 0.0160970033437608, 0.02400450782923293, 0.02259185971805048]"
40,"[0.9808859158358517, 0.9809461500144249, 0.9815317139001349, 0.9732053872053872]","[0.021197329057062158, 0.015983828944771527, 0.023597380734115103, 0.022432338959554873]"
41,"[0.9814048585961295, 0.981335826494741, 0.9817948717948718, 0.9737575757575756]","[0.0213269890717232, 0.01606576230772566, 0.023640238929881336, 0.02255248010926971]"
42,"[0.9801419913050208, 0.9811937532392908, 0.9828002699055329, 0.9735959595959597]","[0.022679503737763153, 0.017567778221924624, 0.024784415433209354, 0.02453250410047286]"
43,"[0.980646272010842, 0.9809592547487626, 0.9817881241565452, 0.9732020202020202]","[0.022214694262376357, 0.016898563540731822, 0.023657280597748454, 0.02376203294461873]"
44,"[0.9808852904449823, 0.9812127916348641, 0.982051282051282, 0.9735723905723905]","[0.021183660095416203, 0.016068707265706944, 0.02341809658675721, 0.022558846926854476]"
45,"[0.9808963883158364, 0.9809165516036807, 0.9815114709851552, 0.9732053872053872]","[0.02146051682650251, 0.016992483799675447, 0.025534083399267896, 0.02373721517725299]"
46,"[0.9806304064400984, 0.9805262756115058, 0.9809919028340081, 0.9726531986531987]","[0.02135117352832002, 0.017108386278439292, 0.02568769369814411, 0.023888578287334282]"
47,"[0.9811206705619415, 0.9806615766852353, 0.980748987854251, 0.9728417508417508]","[0.02098524676826614, 0.016472363070748373, 0.02479689699526006, 0.023018940036491412]"
48,"[0.9813582147863277, 0.9815852191185508, 0.9823009446693657, 0.9741245791245791]","[0.020461279079656444, 0.016411507634060834, 0.02402876642333462, 0.02295379691069723]"
49,"[0.9804063973126874, 0.9819917667634063, 0.984089068825911, 0.9746902356902356]","[0.022191797253073322, 0.01673640626238149, 0.02326618180509717, 0.02347953453511189]"
50,"[0.9816311184295781, 0.9813392308075057, 0.9815249662618083, 0.9737643097643098]","[0.0205674118707118, 0.015638151502267585, 0.02273298880036491, 0.021955117522677786]"
51,"[0.9803856551821891, 0.9807001043221767, 0.9815384615384615, 0.972845117845118]","[0.021315915308352622, 0.015646169895836694, 0.02301597969634262, 0.021980801404358596]"
52,"[0.9806470137067056, 0.9816195651498449, 0.9830904183535764, 0.974127946127946]","[0.02134997301620671, 0.016146789172197116, 0.02300495838384384, 0.022648684176849947]"
53,"[0.9804240316153024, 0.9816329128263506, 0.9833468286099866, 0.974121212121212]","[0.021551930316478063, 0.01558967984534516, 0.022208420336161102, 0.021926975504126988]"
54,"[0.9806555607152526, 0.9814970701010339, 0.9828475033738192, 0.973946127946128]","[0.021051363649771327, 0.015250949298219098, 0.022356826969018202, 0.021454590897417854]"
55,"[0.980911970971663, 0.9813637367677006, 0.9823279352226721, 0.9737575757575756]","[0.021129121340233557, 0.015146528970596707, 0.0222538493042251, 0.02131288237683145]"
56,"[0.9809052233333364, 0.9816303122974341, 0.9828407557354926, 0.9741245791245791]","[0.02113132060814431, 0.015457192688984572, 0.022063488635826706, 0.021754144655458683]"
57,"[0.9808375246845193, 0.9809203783759284, 0.9815249662618083, 0.9731986531986532]","[0.021229256598717706, 0.01742887249738488, 0.025299015321188355, 0.024316059138180125]"
58,"[0.9796567346946038, 0.9807821907471829, 0.982523616734143, 0.9730471380471379]","[0.022514661187429695, 0.017253752208476185, 0.02551562131606733, 0.023984333928330135]"
59,"[0.9803538645538004, 0.9806936906492407, 0.9815384615384615, 0.9728383838383838]","[0.021043465598928408, 0.015761827196980792, 0.023015979696342618, 0.02213358790592516]"
60,"[0.9800794221809097, 0.9804116496179455, 0.9812618083670714, 0.9724680134680135]","[0.020952468534707936, 0.016217766627396615, 0.023904522800937713, 0.02262800894134711]"
61,"[0.9796611947189611, 0.9813489528154368, 0.9835560053981106, 0.9737710437710438]","[0.02278294049264851, 0.01677622107399002, 0.02294606913452576, 0.023581694525677703]"
62,"[0.9806344663125792, 0.9808004990622254, 0.9815317139001349, 0.9730269360269359]","[0.020759715109731233, 0.016067670742866448, 0.02474344437544312, 0.022436771406092505]"
63,"[0.9805820406767134, 0.9803944108588765, 0.9807422402159244, 0.9724713804713804]","[0.02055043119725083, 0.01639878004026171, 0.024855211314754738, 0.022898104440682115]"
64,"[0.9806338120731575, 0.9814363854547539, 0.9827800269905532, 0.973962962962963]","[0.02227026930814894, 0.01747395831746708, 0.024805713499662162, 0.02437771149977826]"
65,"[0.9803307405220113, 0.980257624316527, 0.9807287449392713, 0.9722794612794613]","[0.020754376159261446, 0.01640517612854407, 0.024858856397280183, 0.022902012130893087]"
66,"[0.9803446005358714, 0.9805276665549901, 0.9812483130904184, 0.9726464646464646]","[0.020749920244139224, 0.0161876383635331, 0.024438059699879517, 0.022606167924650162]"
67,"[0.9803513755294884, 0.9808050675104854, 0.981774628879892, 0.973013468013468]","[0.02042848013009636, 0.01573070085480683, 0.02369132139274473, 0.022001885678112638]"
68,"[0.9801743799689884, 0.9814788803451361, 0.9833198380566802, 0.973962962962963]","[0.023202303160561773, 0.017180313410077957, 0.02343327236975761, 0.024099845168715776]"
69,"[0.9804179697125782, 0.9817387959569506, 0.9835897435897435, 0.9743299663299664]","[0.02273809124245907, 0.01697628168998159, 0.02346856935151845, 0.023803314576053048]"
70,"[0.9813712810625519, 0.9809216039609323, 0.9809986504723347, 0.9731986531986532]","[0.020760190873971643, 0.015625764667804173, 0.023519506822979534, 0.021860591861582235]"
71,"[0.9795364941180089, 0.9797530126444193, 0.9804790823211875, 0.9715521885521885]","[0.020854119661042326, 0.016654364901012172, 0.024493881583552167, 0.02332162094720422]"
72,"[0.980069339137696, 0.9804273617392205, 0.9812820512820514, 0.9724747474747474]","[0.020967438450016734, 0.016418954737774643, 0.023780733833551736, 0.023011164936890295]"
73,"[0.9806930568121197, 0.9809805338400608, 0.9817948717948717, 0.9732154882154882]","[0.022480557325562867, 0.015570348747965552, 0.021892105005161977, 0.02196718124843278]"
74,"[0.9798957382384853, 0.9800261229164832, 0.980748987854251, 0.9719090909090908]","[0.022754250731502185, 0.016800164328701767, 0.02451602914586847, 0.023626397459559828]"
75,"[0.9804055607152526, 0.9810864453287043, 0.9822941970310392, 0.9733670033670034]","[0.022690590282230992, 0.016747309816117713, 0.02319580933466075, 0.02363317388090641]"
76,"[0.9796551959780458, 0.9807141164601729, 0.9823009446693657, 0.9728249158249157]","[0.022719434321610447, 0.01633944444701554, 0.02263485294471317, 0.023076837573250446]"
77,"[0.9814239574817237, 0.9827672013869421, 0.9846423751686909, 0.9758013468013468]","[0.022132891023907777, 0.017486888360971654, 0.02466593998721982, 0.024443037080002665]"
78,"[0.9793773539370458, 0.9803033655291021, 0.981774628879892, 0.9722727272727272]","[0.02262441118584032, 0.016801928661321474, 0.023632054988053017, 0.023625731442761505]"
79,"[0.9814152239400106, 0.9813236951535419, 0.9818016194331983, 0.9737474747474747]","[0.02126676894713751, 0.016389329228727822, 0.0247822035062614, 0.022872708626622607]"
80,"[0.981592162939082, 0.9822130335097496, 0.9833265856950067, 0.975060606060606]","[0.02120270296135267, 0.017529530212965216, 0.02485042518742905, 0.02442524846635686]"
81,"[0.9799628635120403, 0.9812470548615784, 0.9830836707152497, 0.9735589225589226]","[0.0232023619894605, 0.017416391344669276, 0.023952168668822247, 0.02445091115731302]"
82,"[0.9803443326675789, 0.9799935295853553, 0.9802226720647772, 0.9718989898989899]","[0.022732864015598576, 0.01852781274640527, 0.026567825742158258, 0.025845624031130908]"
83,"[0.9798216228331761, 0.9800163394907906, 0.9807422402159244, 0.9718956228956229]","[0.022628191742812918, 0.01814833881071408, 0.025351088224178468, 0.025433446397836918]"
84,"[0.9799142118073441, 0.9818758792309963, 0.984365721997301, 0.9745151515151516]","[0.0223049787702846, 0.016416357638939363, 0.022990552474572375, 0.02305405154144982]"
85,"[0.9806300511284465, 0.9814363702473976, 0.9828205128205129, 0.9739696969696969]","[0.022293385664905678, 0.01797484836841071, 0.026056793251389362, 0.025038767343487266]"
86,"[0.9801341464155969, 0.9809202899493051, 0.9822941970310392, 0.9732390572390571]","[0.022940891443259784, 0.01816601524199832, 0.025983598338694493, 0.025340206028372884]"
87,"[0.980404726712493, 0.9814535742089053, 0.9830836707152497, 0.9739730639730639]","[0.022709730056069802, 0.01784268337950765, 0.025573505638424695, 0.024892540762884212]"
88,"[0.980079896723029, 0.980697814994184, 0.9817813765182186, 0.9728148148148148]","[0.021821288066445777, 0.016897454247829014, 0.023081855034055583, 0.023778559680175584]"
89,"[0.9811444753094303, 0.9810718376601667, 0.9815317139001349, 0.9733670033670034]","[0.022631314833713986, 0.01754602995382182, 0.024447626724371258, 0.02460791174326126]"
90,"[0.9808796772092664, 0.980938894396257, 0.9815249662618083, 0.9731784511784511]","[0.022597832455988336, 0.017571903371709566, 0.024464033389535896, 0.02461968978573777]"
91,"[0.9808983418309478, 0.9811903670738661, 0.982051282051282, 0.9735589225589226]","[0.022265539539463534, 0.017900505288012576, 0.025875763358574076, 0.024966072501629653]"
92,"[0.9803441214740958, 0.9808995465405665, 0.9820242914979757, 0.9732356902356902]","[0.02250583441272242, 0.01849766632172236, 0.026453585734956424, 0.025737101301135597]"
93,"[0.9806249740903142, 0.9817222435586398, 0.9833333333333333, 0.9743400673400673]","[0.022052833778110077, 0.017270058613496706, 0.024269652045059632, 0.02419900221763456]"
94,"[0.9806236909333829, 0.9809349997427954, 0.9817881241565452, 0.9731919191919193]","[0.022238700642130647, 0.01760688088058292, 0.025022276404575376, 0.02458414136339305]"
95,"[0.9806454600998887, 0.9811000404244906, 0.9820647773279352, 0.9733804713804713]","[0.022495053269579776, 0.01722490018997279, 0.023648172635433902, 0.024155043605298587]"
96,"[0.9806235769794819, 0.9812153809173009, 0.9823009446693657, 0.9735488215488216]","[0.0221979952722858, 0.017318873252133934, 0.023812539937702173, 0.02431705310579488]"
97,"[0.981626801186493, 0.9816131826624702, 0.9820377867746288, 0.9741111111111111]","[0.02194370532305586, 0.016825149159507075, 0.022287395256281182, 0.023721244609818858]"
98,"[0.9811633591970562, 0.9810890487887695, 0.9815182186234818, 0.9733771043771045]","[0.022846463217082166, 0.017257339268258915, 0.02333646985722875, 0.02431070887109794]"
99,"[0.9809138747960955, 0.981099673997929, 0.9817746288798921, 0.9733670033670033]","[0.023087252221836864, 0.017251959708435113, 0.022812904996753893, 0.024327595426578988]"
100,"[0.9801012642443965, 0.9803728089687794, 0.9812348178137651, 0.9725016835016835]","[0.02240697765953959, 0.01802010613897699, 0.02631089178964755, 0.025088402915802985]"
101,"[0.9806268752459382, 0.9809701403496744, 0.9817881241565452, 0.9731885521885522]","[0.022208439150940586, 0.01685458709441384, 0.022792937983752568, 0.02375203859635147]"
102,"[0.9808551703426542, 0.980942567922102, 0.9815317139001348, 0.973191919191919]","[0.022338960040518895, 0.01790681982323283, 0.02471509045851677, 0.025121174890548197]"
103,"[0.9801330795592671, 0.9810535504553966, 0.9825303643724694, 0.9734175084175084]","[0.02292650256767605, 0.017867619105879872, 0.02502071149658684, 0.024940263517516048]"
104,"[0.9806438198944616, 0.9812184266150834, 0.9823144399460187, 0.9735521885521885]","[0.022470678001207403, 0.01752802408056578, 0.02433948906833319, 0.02458854922856932]"
105,"[0.9778392313267151, 0.9794327543977108, 0.9815317139001349, 0.9709696969696969]","[0.02346670480064741, 0.017667972703779566, 0.023271949183734902, 0.02484394856077567]"
106,"[0.9789636454119766, 0.9802413126246903, 0.982051282051282, 0.9720942760942762]","[0.024144874149320483, 0.01687886849978414, 0.021921622051580585, 0.023895966140577134]"
107,"[0.9794835783003305, 0.980894171590274, 0.9828205128205127, 0.973]","[0.02431153974184834, 0.016974571456592532, 0.02150018668533227, 0.024075401766972288]"
108,"[0.9794835783003305, 0.980894171590274, 0.9828205128205127, 0.973]","[0.02431153974184834, 0.016974571456592532, 0.02150018668533227, 0.024075401766972288]"
109,"[0.9799761285428806, 0.9807467845813153, 0.9820377867746288, 0.9728249158249157]","[0.024189377131101947, 0.017092704993730584, 0.021958515437143035, 0.024200829214721862]"
110,"[0.9797391123825655, 0.9807398906586446, 0.9823144399460187, 0.9728215488215488]","[0.02387108568018868, 0.01676866704854933, 0.02285732877987262, 0.023620726359210337]"
111,"[0.9812279856631589, 0.9823034928402349, 0.9838663967611336, 0.9750336700336699]","[0.022750946354842545, 0.01588703177317843, 0.021058274400345776, 0.022481215730206658]"
112,"[0.9792011064690783, 0.9806109701832219, 0.9825573549257759, 0.9726329966329966]","[0.023217375281239648, 0.015777242463344995, 0.021465631120914548, 0.022311883195566214]"
113,"[0.9826062507654291, 0.9840142574550969, 0.9859446693657219, 0.9774040404040403]","[0.02365433563055841, 0.0161139005493824, 0.020903102099645826, 0.022837165172039983]"
114,"[0.9798006634701113, 0.9808827818708103, 0.9825506072874494, 0.9730101010101011]","[0.02520049865006148, 0.01757162270056839, 0.022917948048834996, 0.02486926763123802]"
115,"[0.9800581709776189, 0.9811498903785584, 0.9828137651821862, 0.9733771043771045]","[0.025024794429086568, 0.01705686726625477, 0.02209013449667573, 0.024179456897991457]"
116,"[0.9793312625600815, 0.980379423890104, 0.9820580296896085, 0.9722794612794611]","[0.02645779113497381, 0.018605414979429778, 0.023912186031275887, 0.026310887841095847]"
117,"[0.9809019646436207, 0.9821077947487212, 0.9838191632928475, 0.9748686868686869]","[0.021805535844642347, 0.016107252362175736, 0.02270978402735595, 0.02261240556915421]"
118,"[0.9798134566276414, 0.9808861505208145, 0.9825641025641025, 0.9730101010101011]","[0.02517111400420327, 0.017277704844240394, 0.022912921197804276, 0.024457135587418667]"
119,"[0.9800631466010156, 0.9812826908226181, 0.9830769230769231, 0.9735589225589224]","[0.025763906004362874, 0.01821804956486233, 0.023025504822762534, 0.025786650037569338]"
120,"[0.9792926599560104, 0.9806292191096527, 0.9825775978407557, 0.9726531986531987]","[0.025501053895033484, 0.018271526908408938, 0.024028486933084077, 0.025777157671736724]"
121,"[0.9790872488359651, 0.9810327787094149, 0.9836032388663967, 0.9731919191919193]","[0.025623510430506615, 0.017563678676373463, 0.023090236943533984, 0.02486156527051589]"
122,"[0.9788665752006573, 0.9807931365292661, 0.983353576248313, 0.9728282828282828]","[0.026399795308706762, 0.017819458432604702, 0.022743856636683976, 0.025266281326206404]"
123,"[0.9790722273077855, 0.980762368127745, 0.9830904183535761, 0.9728249158249157]","[0.025883599350289044, 0.018292535432043282, 0.02412105068018982, 0.025797543648268192]"
124,"[0.9799785435077476, 0.9817687868385275, 0.9841025641025641, 0.9742929292929293]","[0.023021020653246835, 0.016630298927305675, 0.022930123161616755, 0.02340832057786444]"
125,"[0.9802731573177657, 0.9807527922069099, 0.9817611336032388, 0.9728383838383837]","[0.024821619707990586, 0.017326124059199154, 0.021920054919234527, 0.024576866968870452]"
126,"[0.9802670844432717, 0.9810126200983167, 0.9822807017543859, 0.9732020202020201]","[0.024569734001210517, 0.01732057757770593, 0.022037960320062958, 0.024567503133312275]"
127,"[0.9797663823241485, 0.9808896832971654, 0.982557354925776, 0.9730235690235689]","[0.024687528460263796, 0.017544949459834237, 0.022657676295089794, 0.024834167765966007]"
128,"[0.9799991291422612, 0.9815462657673387, 0.9835897435897435, 0.9739393939393939]","[0.02401997973703694, 0.01730369605128936, 0.021959572888348607, 0.024535776544137737]"
129,"[0.9799935652795086, 0.9811423266337195, 0.9828137651821862, 0.9733973063973064]","[0.024301796369311485, 0.017821186006150694, 0.023011416484402247, 0.025216966884120166]"
130,"[0.9814010539126072, 0.9826490822629473, 0.9843522267206478, 0.9756127946127947]","[0.02100613352576216, 0.01522102424782314, 0.0211789213144791, 0.02140997222400586]"
131,"[0.979273494699682, 0.980643171825071, 0.9825506072874494, 0.9726599326599326]","[0.025012939478115344, 0.017508904250194416, 0.02208818973559508, 0.02483584396469495]"
132,"[0.9795060730968944, 0.9814508509808515, 0.98387314439946, 0.9737643097643097]","[0.024879776426099936, 0.01784300093621499, 0.021348678862080545, 0.02533166857202518]"
133,"[0.979405985871326, 0.9806309695280585, 0.982294197031039, 0.9726632996632997]","[0.023737518385540838, 0.017720036654439872, 0.021683999546107474, 0.025101848789245915]"
134,"[0.9799435093234834, 0.9810240503211394, 0.9825438596491227, 0.9732087542087542]","[0.024103668367457663, 0.017592432740974277, 0.021145995051936643, 0.024955344716055847]"
135,"[0.9811405483690464, 0.9829196470523662, 0.9851417004048583, 0.975976430976431]","[0.021318451529009304, 0.01593669936579086, 0.021563953033655384, 0.022453665442269215]"
136,"[0.979461464624494, 0.9807673277290404, 0.9825506072874494, 0.9728316498316498]","[0.024417897847240272, 0.017508961682491154, 0.021468313076828085, 0.02484203720423869]"
137,"[0.9787770636596054, 0.9803932081435285, 0.9825506072874494, 0.9722895622895622]","[0.025692628381795438, 0.018041989442110246, 0.022056422706496773, 0.025635325301190347]"
138,"[0.9799867382441195, 0.9811601872346248, 0.9828475033738192, 0.9733939393939393]","[0.024266573723650833, 0.01790139757598244, 0.022937441007217195, 0.025361246541304974]"
139,"[0.9816388341041741, 0.9829096442723562, 0.9846153846153847, 0.975979797979798]","[0.020842480224208672, 0.015400161384518524, 0.021191666918016126, 0.021677447551843164]"
140,"[0.9785205162560746, 0.9808074405220973, 0.9836032388663968, 0.9728417508417507]","[0.02561734430127161, 0.01802212027745342, 0.02132990272344635, 0.02563150945615988]"
141,"[0.9819155146308547, 0.9831721980101804, 0.9848785425101215, 0.9763468013468014]","[0.020552757193862792, 0.014795476454469924, 0.02090550666699499, 0.020818341373123772]"
142,"[0.9789912172466728, 0.9807806370448607, 0.9830701754385964, 0.9728350168350168]","[0.025170072252672832, 0.0178645510170006, 0.021569677396895637, 0.025384520573589517]"
143,"[0.9818810196095177, 0.9827622115054571, 0.9841093117408906, 0.9758047138047138]","[0.02091478211425045, 0.01622266479119123, 0.022942441647932712, 0.022741460592074974]"
144,"[0.9797676428279766, 0.9814370331189322, 0.9836032388663968, 0.9737542087542087]","[0.025134373310746472, 0.01793166909386903, 0.021635942182168976, 0.025478111363402573]"
145,"[0.9792567752160177, 0.9811811455909596, 0.9836099865047234, 0.9733872053872052]","[0.024797543594074076, 0.017386617586494964, 0.02131042529134013, 0.02467863808674059]"
146,"[0.9794895523547641, 0.9809001599714123, 0.9828272604588395, 0.9730202020202019]","[0.024522216193234192, 0.01751689033697869, 0.022084758417327686, 0.024832997966029367]"
147,"[0.9794908278229844, 0.9810369918270984, 0.9830836707152497, 0.9732020202020202]","[0.024811328395470813, 0.017794706673914605, 0.02183468514433979, 0.025236227962186775]"
148,"[0.9797861441227937, 0.9811630434057688, 0.9830904183535761, 0.9734040404040404]","[0.025184822808417762, 0.0181097703966138, 0.023004958383843838, 0.02558525997094054]"
149,"[0.9803946436561968, 0.9820069464252213, 0.9840958164642375, 0.9746902356902356]","[0.021910746167373103, 0.01592924364602379, 0.021756138731490824, 0.022461372834735947]"
150,"[0.9806354796338751, 0.9817265250921685, 0.9833198380566802, 0.9743299663299664]","[0.022309380056597383, 0.016938797916642285, 0.023418306564763708, 0.023798122709408384]"
151,"[0.9808671869509483, 0.9818425063706953, 0.9833198380566802, 0.9745117845117847]","[0.02186524622692288, 0.017061898594113434, 0.024002456403172275, 0.023928926000335388]"
152,"[0.9801289842721164, 0.9814592017783299, 0.9833333333333333, 0.9739595959595959]","[0.02244590433354604, 0.01749748820047372, 0.02480553362105352, 0.024511887186672153]"
153,"[0.9791903973335294, 0.9805049825320643, 0.9823076923076924, 0.9724646464646465]","[0.02384021676711991, 0.01686077541266817, 0.021406201701550862, 0.02391058801939826]"
154,"[0.9813290833929471, 0.9813534364423439, 0.9817813765182186, 0.9737676767676767]","[0.02165802363723888, 0.017263089929432207, 0.02248938354829267, 0.02425103172107905]"
155,"[0.9803522570412814, 0.981257519745561, 0.9825506072874494, 0.9735690235690235]","[0.023392023952355966, 0.01852308485682706, 0.02236819613022319, 0.02615736914597754]"
156,"[0.9803444151913342, 0.9809834252293613, 0.9820310391363023, 0.9732121212121213]","[0.022811697479247762, 0.018188192679970867, 0.022872136113101613, 0.025629523470606826]"
157,"[0.9796272700072441, 0.980484432828037, 0.9817678812415654, 0.9724680134680135]","[0.023887469096354558, 0.018242180257705482, 0.02219982854003579, 0.025793964525147463]"
158,"[0.98008299891676, 0.9805908846143025, 0.9815047233468286, 0.9726531986531987]","[0.023032743365177077, 0.01808354809928763, 0.022448672709538983, 0.025529061826997646]"
159,"[0.9797999081336692, 0.9798015337919068, 0.9802159244264508, 0.9715488215488216]","[0.023258433932615185, 0.01845475651133771, 0.022977839705682415, 0.026034426858138945]"
160,"[0.980337600006727, 0.9807207738998879, 0.9815114709851551, 0.9728249158249157]","[0.023373376593654398, 0.01847084983712677, 0.022752852337235844, 0.02607153543691073]"
161,"[0.9796039894053372, 0.9810693219235729, 0.9830566801619431, 0.9734107744107745]","[0.02276039597502011, 0.017831244286306107, 0.024476335124198573, 0.024957852215165693]"
162,"[0.9800664659531796, 0.9810595426732873, 0.9825438596491227, 0.9734107744107745]","[0.02214433109428756, 0.017742418378562486, 0.024384410516059506, 0.024825044147918793]"
163,"[0.979810946835337, 0.9804647738604102, 0.9815182186234818, 0.9724579124579124]","[0.023235842789597238, 0.01866348960735528, 0.02302258105189099, 0.026326263226982644]"
164,"[0.9800879647439338, 0.9805943703900065, 0.9815114709851551, 0.9726430976430975]","[0.023310039083910907, 0.01838069150373563, 0.022737438683503204, 0.025939712762584697]"
165,"[0.9805952460804835, 0.9817198305005305, 0.9833130904183536, 0.9743299663299664]","[0.02205530025621957, 0.01726733382380708, 0.023420984591335656, 0.024221470555373416]"
166,"[0.9800840110625092, 0.9804609094031812, 0.9812483130904183, 0.9724579124579124]","[0.02331563715884317, 0.018172297272116247, 0.022397950720894073, 0.025676309378749665]"
167,"[0.9800765613050594, 0.9804572708476439, 0.9812483130904183, 0.9724646464646465]","[0.023332995341891746, 0.01856301447132184, 0.02300802093880589, 0.02619803764556787]"
168,"[0.9798310460158983, 0.9803304778981993, 0.9812483130904183, 0.9722794612794613]","[0.023174179800275422, 0.018190265731251556, 0.02270503494839999, 0.025670173887852327]"
169,"[0.9808379775796335, 0.981117344498657, 0.9817813765182186, 0.9733872053872054]","[0.023247736137679036, 0.0185407769726197, 0.02250496709564819, 0.0261578640888051]"
170,"[0.9806514118930677, 0.9817900867119055, 0.9833198380566802, 0.9742929292929294]","[0.02335236444811115, 0.017850137027459485, 0.02129712864580503, 0.025221501706471326]"
171,"[0.9810890991465445, 0.9816338945144741, 0.9825438596491227, 0.9741111111111111]","[0.02335964187535753, 0.018967950733205712, 0.022662755744235805, 0.026776628323440264]"
172,"[0.9808477928548531, 0.9804400858116048, 0.9804790823211875, 0.9724612794612795]","[0.022876061300093075, 0.017835757580435766, 0.023021663403689108, 0.025132703154618196]"
173,"[0.9811002247433569, 0.981564366360123, 0.9825371120107961, 0.9741515151515151]","[0.0215096569982865, 0.01711591484459882, 0.024429857875573616, 0.02392335173090433]"
174,"[0.9815753131921297, 0.9823514821621749, 0.9835695006747638, 0.975249158249158]","[0.021170495569302287, 0.017351072859098707, 0.023769962719454526, 0.02425787456589262]"
175,"[0.9803757241632722, 0.9809867848154658, 0.9820175438596492, 0.9731952861952863]","[0.023576500543308947, 0.018181498790575342, 0.02227893507824722, 0.02568177906010063]"
176,"[0.9803301502492772, 0.9807239847361434, 0.9815047233468286, 0.9728282828282828]","[0.0233618884452968, 0.018744365982351834, 0.022755072444017085, 0.02645498491404322]"
177,"[0.9799091523282794, 0.9816705082104482, 0.9838529014844805, 0.9741111111111111]","[0.023689306393127045, 0.018322166247516904, 0.022293824314850164, 0.025893236420379082]"
178,"[0.9791717095186285, 0.9817051194269382, 0.9846558704453442, 0.9741245791245791]","[0.02422436019134146, 0.018458943112652438, 0.021767513109393222, 0.026118111195265598]"
179,"[0.9798062606400219, 0.9816611620845799, 0.9838461538461538, 0.9740976430976431]","[0.0230009143846354, 0.018698071556074888, 0.021731338859748053, 0.026413846558281166]"
180,"[0.9795498503836114, 0.9812715516949695, 0.9833333333333333, 0.9735488215488215]","[0.02291713713565953, 0.01844548604075513, 0.021646461612467357, 0.02605761821760676]"
181,"[0.9795363277516678, 0.9809876528591718, 0.9828002699055332, 0.9731784511784511]","[0.022355185099117436, 0.017929819458233333, 0.021876192073055474, 0.025296806069720953]"
182,"[0.9809016272617042, 0.9822484261479802, 0.9841093117408906, 0.9750639730639731]","[0.0220464677165517, 0.016982346847620605, 0.023816080779847107, 0.023863139384013778]"
183,"[0.9808891714860906, 0.9822485137796468, 0.9841025641025641, 0.975060606060606]","[0.0217644492030533, 0.016670909424796276, 0.023260337635282943, 0.02344291683993888]"
184,"[0.9808948796233777, 0.9822450085129837, 0.9841093117408906, 0.9750639730639731]","[0.02174834010450281, 0.016784247472640037, 0.023816080779847107, 0.023573968697188873]"
185,"[0.9808948796233777, 0.9822450085129837, 0.9841093117408906, 0.9750639730639731]","[0.02174834010450281, 0.016784247472640037, 0.023816080779847107, 0.023573968697188873]"
186,"[0.980639508868007, 0.9821147059842673, 0.9841025641025641, 0.9748754208754208]","[0.021987716543767667, 0.017006219517419797, 0.023848357132773123, 0.02389902595028082]"
187,"[0.9796009815730611, 0.9812847976539848, 0.9833535762483132, 0.9735656565656565]","[0.02336644561673249, 0.018694064762874548, 0.022484130269582153, 0.026417247286782596]"
188,"[0.9798349145919748, 0.9810000990495328, 0.9825506072874494, 0.9731986531986532]","[0.023476328026047287, 0.01883887797738383, 0.02270658399717092, 0.02656397087677579]"
189,"[0.9806614595346943, 0.9815510016193112, 0.9830634278002698, 0.974148148148148]","[0.022516775361872837, 0.018009105766784144, 0.026654708782254774, 0.025037947143783414]"
190,"[0.9793327629495794, 0.9811447296606858, 0.9833400809716599, 0.9733838383838384]","[0.022796207329440776, 0.017979366166424877, 0.021897244562420634, 0.02537744076250067]"
191,"[0.979561732810128, 0.9808639259633597, 0.9825438596491228, 0.973013468013468]","[0.02316127055595738, 0.018745900453865406, 0.022693674032885785, 0.026431399983738793]"
192,"[0.9795559506133961, 0.9807487901571512, 0.9822874493927125, 0.9728316498316498]","[0.02348389983346398, 0.018738581603212297, 0.02173501660120141, 0.026442091424304356]"
193,"[0.9811178617147809, 0.9819640985960849, 0.9833198380566802, 0.9747070707070707]","[0.021283006810431465, 0.01667211219712841, 0.024046235218182447, 0.02331154598612442]"
194,"[0.9803130356336389, 0.9815216982173345, 0.9830769230769231, 0.9739326599326599]","[0.02347123420341212, 0.018988288792543, 0.02218396907173326, 0.026777148441763637]"
195,"[0.9805690811528422, 0.9813778841366783, 0.9825506072874495, 0.9737542087542088]","[0.023264129818611815, 0.01873222066898169, 0.02239952100622049, 0.026403506066104997]"
196,"[0.9798008898846511, 0.9808685336603724, 0.982280701754386, 0.973016835016835]","[0.023043800470175162, 0.01827742281470204, 0.02143299342676426, 0.025804386064569935]"
197,"[0.9806354218838171, 0.981941031781838, 0.9835964912280701, 0.9744949494949493]","[0.023388268850234255, 0.018056094774668185, 0.020656524611159088, 0.0255379325989483]"
198,"[0.9785907587008356, 0.980909082330901, 0.9835897435897436, 0.973030303030303]","[0.023366916216096954, 0.018151755084628757, 0.02104222207095227, 0.025637138380356955]"
199,"[0.9834342244634285, 0.9843818198523061, 0.985668016194332, 0.977979797979798]","[0.02149718720448889, 0.016717848949925087, 0.02032778430401105, 0.0235278139009705]"
200,"[0.9798507248378878, 0.9811168433534191, 0.9827867746288799, 0.9733703703703703]","[0.02325625301596751, 0.01828874101210103, 0.022490091113370008, 0.025789711473381438]"
201,"[0.9803824964880805, 0.9809866226968825, 0.9820107962213226, 0.9731952861952862]","[0.024384395976359958, 0.01924476690805608, 0.023164794702652213, 0.027164389509228958]"
202,"[0.9806635576420557, 0.9817866401695515, 0.98331983805668, 0.9742895622895624]","[0.02515352418106933, 0.01987462426711626, 0.023105529538506545, 0.028104638290977056]"
203,"[0.9791722456420787, 0.9804821463292355, 0.9822739541160594, 0.9724612794612795]","[0.024854767354460988, 0.01925943291682604, 0.023777715273086187, 0.027178550244586253]"
204,"[0.981426642896476, 0.9825079316393773, 0.9841228070175438, 0.9754410774410774]","[0.02129135641523756, 0.016165829848926408, 0.023766146799224314, 0.02262034053491451]"
205,"[0.9817049609597749, 0.9831645275903976, 0.9851551956815114, 0.9763535353535354]","[0.02198470112367339, 0.016362925679277267, 0.02336028100732731, 0.02294087699391999]"
206,"[0.9803771477503826, 0.980976656007789, 0.9820310391363023, 0.9731986531986532]","[0.02387716617378211, 0.018645561060284404, 0.023425027782677348, 0.02627630654659215]"
207,"[0.9801493396477351, 0.9812134195024346, 0.98278677462888, 0.9735959595959597]","[0.02299051184896294, 0.01703416597288782, 0.02305214772056268, 0.0239616730399941]"
208,"[0.9806368565168309, 0.9816035243241185, 0.9830499325236167, 0.9741380471380472]","[0.022614190727774652, 0.017010137987337002, 0.022795092267524873, 0.023934619753433393]"
209,"[0.9805997924598694, 0.9812298767497508, 0.9822874493927125, 0.9735622895622896]","[0.023972685820085327, 0.019279271391806012, 0.02377302727205382, 0.027143037864782508]"
210,"[0.9801116255134227, 0.9808636641116322, 0.9820377867746289, 0.973020202020202]","[0.02344858887858225, 0.018249146872051043, 0.02251827135577278, 0.02573358425818127]"
211,"[0.9808790116274069, 0.9814597558119287, 0.9825371120107963, 0.973969696969697]","[0.022399975867842616, 0.017152558927402087, 0.02354921522448974, 0.024071210538179122]"
212,"[0.9786083519334481, 0.9810148431590138, 0.9838461538461537, 0.9732020202020202]","[0.023506655246373274, 0.018242153793850645, 0.022249577939911395, 0.02572606928514948]"
213,"[0.9800539483395709, 0.9805628089837155, 0.9815047233468285, 0.9726464646464646]","[0.022171206517626912, 0.018164574055525833, 0.023882845257765337, 0.02550247211689593]"
214,"[0.9792855529922281, 0.9801835109759033, 0.9815182186234818, 0.972111111111111]","[0.023693297728709522, 0.01997559183550458, 0.025245528404465204, 0.028006994484804603]"
215,"[0.979800011041667, 0.9812297357149662, 0.9830836707152497, 0.9735723905723905]","[0.02331091940303461, 0.019958536415639504, 0.025259656774075583, 0.027989925316750427]"
216,"[0.9810975610497432, 0.9816985445514631, 0.9828002699055332, 0.9743333333333334]","[0.021673866581726826, 0.017314511373323183, 0.02446044394673712, 0.024196967061556784]"
217,"[0.9810975610497432, 0.9816985445514631, 0.9828002699055332, 0.9743333333333334]","[0.021673866581726826, 0.017314511373323183, 0.02446044394673712, 0.024196967061556784]"
218,"[0.9810911507933331, 0.9816952567000738, 0.9828002699055332, 0.9743299663299664]","[0.021675763758387943, 0.017313470654269074, 0.02446044394673712, 0.024195948716519044]"
219,"[0.9808347405369229, 0.9815653865702039, 0.9828002699055332, 0.974144781144781]","[0.02160210092796718, 0.017224155890192435, 0.02446044394673712, 0.02406930776202391]"
220,"[0.9800986583008405, 0.981177275335671, 0.98278677462888, 0.9735959595959597]","[0.021642746219454032, 0.016997743055360007, 0.024522535833126243, 0.0236893599469085]"
221,"[0.9808478984316596, 0.9816984569197966, 0.9830566801619435, 0.9743333333333333]","[0.021598141877228534, 0.017216929912099912, 0.024504965298895204, 0.024059959366759743]"
222,"[0.9808478984316596, 0.9816984569197966, 0.9830566801619435, 0.9743333333333333]","[0.021598141877228534, 0.017216929912099912, 0.024504965298895204, 0.024059959366759743]"
223,"[0.9808478984316596, 0.9816984569197966, 0.9830566801619435, 0.9743333333333333]","[0.021598141877228534, 0.017216929912099912, 0.024504965298895204, 0.024059959366759743]"
224,"[0.9808478984316596, 0.9816984569197966, 0.9830566801619435, 0.9743333333333333]","[0.021598141877228534, 0.017216929912099912, 0.024504965298895204, 0.024059959366759743]"
225,"[0.9818603815625637, 0.9822111863844247, 0.9830499325236167, 0.9750673400673401]","[0.02157462504837459, 0.01726952473832957, 0.024237697206197575, 0.02413952981389845]"
226,"[0.9816103815625639, 0.9822179830077437, 0.9833198380566802, 0.9750673400673401]","[0.021507722723692394, 0.017371343663762265, 0.024544172449343957, 0.024265905902213197]"
227,"[0.9808272907794731, 0.9810283270496667, 0.9817341430499325, 0.9734074074074074]","[0.021604872457734924, 0.017061403472469063, 0.02428179724580872, 0.023842472399481902]"
228,"[0.9806113937083127, 0.9815752467078456, 0.9830566801619434, 0.9741548821548821]","[0.021802788212275954, 0.01721189998194738, 0.0245049652988952, 0.024057050325239346]"
229,"[0.9810989956827569, 0.9818285058182665, 0.9830431848852902, 0.9745117845117846]","[0.021072462917032707, 0.016365290061591833, 0.023412390491369787, 0.022887575333555673]"
230,"[0.9813478984316596, 0.9819583268744033, 0.9830499325236167, 0.9746969696969697]","[0.021744652364241585, 0.017475942244402, 0.024237697206197575, 0.024431983123825156]"
231,"[0.9811316639785831, 0.9823682713159267, 0.9840823211875843, 0.9752390572390572]","[0.02224545269410336, 0.01722998785459539, 0.023284162111405125, 0.024123653122140824]"
232,"[0.9801382333997866, 0.9814693138665362, 0.9832995951417004, 0.9739562289562289]","[0.022746114380259495, 0.016764121688056743, 0.02259972856494203, 0.02354257173646263]"
233,"[0.9806320864658477, 0.9810488748221131, 0.9820040485829961, 0.9734074074074073]","[0.022654432177115418, 0.016908176694618807, 0.023786943032124683, 0.02369820203217202]"
234,"[0.9806189012158204, 0.9815787099113087, 0.9830499325236167, 0.9741414141414141]","[0.022099557328513063, 0.017093375376921356, 0.023979530719654082, 0.0239459991739994]"
235,"[0.9806373994711606, 0.9818383169709157, 0.9835627530364373, 0.9745084175084174]","[0.022081529838681942, 0.0167955254528448, 0.023772671995732554, 0.023494026663134552]"
236,"[0.9806167918189742, 0.981568236174519, 0.9830499325236168, 0.974148148148148]","[0.021500668579395744, 0.0166384350173456, 0.02423769720619758, 0.02321575459544463]"
237,"[0.980893809727571, 0.9816979168305157, 0.9830364372469638, 0.9743265993265993]","[0.022155882527457788, 0.01681035794322383, 0.0239846073827896, 0.023507103607381386]"
238,"[0.9808877368530768, 0.9818278745920523, 0.9832995951417004, 0.9745117845117846]","[0.02187349292685146, 0.016699948687170563, 0.02402488548142157, 0.023348632878176616]"
239,"[0.9808952443605845, 0.9819682254692453, 0.9835560053981106, 0.9746936026936026]","[0.02187064607854451, 0.016347046272914872, 0.02323082720535174, 0.022905064403066902]"
240,"[0.9813750014456047, 0.9818281444975854, 0.9827665317139003, 0.9745084175084177]","[0.021736559851422976, 0.01656510175430327, 0.023105399481778376, 0.023210905806370623]"
241,"[0.9813938674776287, 0.9818210006753848, 0.9827800269905533, 0.9745117845117843]","[0.02171603408625655, 0.016694430745249435, 0.024211985627255142, 0.023343339884545004]"
242,"[0.9813938674776287, 0.9818210006753848, 0.9827800269905533, 0.9745117845117843]","[0.02171603408625655, 0.016694430745249435, 0.024211985627255142, 0.023343339884545004]"
243,"[0.9806168769243224, 0.9814270128154012, 0.9827800269905533, 0.973962962962963]","[0.021485433918207356, 0.016685847768534084, 0.024496339798567354, 0.023214410456398552]"
244,"[0.9811418625349948, 0.9814308503859673, 0.9822537112010798, 0.9739663299663299]","[0.02252038121782068, 0.017348921796366, 0.024431948889491142, 0.02422749633915637]"
245,"[0.9806445695967518, 0.9814380783225758, 0.9827732793522267, 0.9739562289562289]","[0.022360368724939794, 0.016804986060551294, 0.023956008174497175, 0.02351631311226501]"
246,"[0.9811182538072782, 0.9815579163792559, 0.9825168690958165, 0.9741380471380472]","[0.02166796666768399, 0.01661334111558654, 0.023907425367015445, 0.023239090167565833]"
247,"[0.9811370620892444, 0.9817015170175936, 0.9827800269905533, 0.9743434343434343]","[0.02193332060017977, 0.01669717764711175, 0.023647845326445066, 0.02332898448937482]"
248,"[0.9813799770690015, 0.9818245518774704, 0.9827800269905533, 0.9745218855218855]","[0.021417398502530025, 0.016395685738193017, 0.023647845326445066, 0.022890723133865098]"
249,"[0.9800794548869003, 0.9811903456597865, 0.9827935222672065, 0.9735925925925925]","[0.021356843613063597, 0.016381727225665384, 0.02328795632033872, 0.02296371608311087]"
250,"[0.9800851083136064, 0.9813119452746573, 0.9830296896086369, 0.9737643097643097]","[0.022281146653095673, 0.01734982678284936, 0.023741021521199727, 0.0242703113077261]"
251,"[0.9805547055399431, 0.9807649937141149, 0.9814777327935224, 0.9730404040404039]","[0.022117750979955546, 0.01779452058143287, 0.024788067252670184, 0.02483503395304596]"
252,"[0.9801368838721213, 0.9815889310914165, 0.9835560053981106, 0.9741279461279462]","[0.022443025748797855, 0.01656930319192001, 0.02293078535795155, 0.023251771491798877]"
253,"[0.9803808109976275, 0.9815884364818613, 0.9832928475033738, 0.9741346801346802]","[0.021948112086532273, 0.01624851726403282, 0.022618003149828172, 0.0228018171428019]"
254,"[0.9806364917796241, 0.9818628094313969, 0.9835762483130904, 0.9745016835016835]","[0.022011955626519825, 0.01622347149447825, 0.0223099454887328, 0.022772089743482996]"
255,"[0.9797138262979085, 0.9813590493109813, 0.9835762483130904, 0.9737777777777776]","[0.02377408767973546, 0.01691502618933983, 0.02319229551078641, 0.02379522429783794]"
256,"[0.9814053851669384, 0.9825052405956137, 0.984089068825911, 0.9754242424242423]","[0.021626732310675835, 0.015849679355309062, 0.02209110835879326, 0.022206273993570544]"
257,"[0.9811489749105281, 0.9822345451265043, 0.9838326585695006, 0.9750572390572391]","[0.02155663995762987, 0.016227824961237085, 0.023245769749296798, 0.02269873154883367]"
258,"[0.9806505877606649, 0.9819817245293799, 0.9838326585695006, 0.9746902356902356]","[0.022270706103029374, 0.016628280091243782, 0.023245769749296798, 0.023306525477871983]"
259,"[0.9806887555818878, 0.981984836939954, 0.9838394062078273, 0.9746936026936026]","[0.023359559013932177, 0.017620129632600342, 0.02434810748967881, 0.02470516642763822]"
260,"[0.9801812784691477, 0.981717542463599, 0.9838326585695006, 0.9743265993265993]","[0.02262250196008177, 0.017076762813374058, 0.024633578757941085, 0.0238994336581343]"
261,"[0.9806880534627647, 0.9817141560857955, 0.9833063427800269, 0.9743198653198653]","[0.022453182511411218, 0.01643422730034466, 0.023747012943381125, 0.023041713311396643]"
262,"[0.9816684853116177, 0.9824869904586297, 0.9838259109311741, 0.9754242424242424]","[0.021057124647143377, 0.015769596791091738, 0.023248616491274132, 0.022045696945223413]"
263,"[0.9813666793583353, 0.9819553199617234, 0.9830701754385964, 0.9746936026936026]","[0.021060455625749954, 0.016351919815144448, 0.024186701334832826, 0.022856458878800955]"
264,"[0.980603943950863, 0.9817093938691618, 0.9833198380566802, 0.9743265993265993]","[0.021128813240347294, 0.01613263729262696, 0.023403331189539325, 0.02259845648911085]"
265,"[0.9808415732805976, 0.9808708623809427, 0.9814912280701753, 0.9732390572390572]","[0.022185633742061818, 0.018382290777391362, 0.026900703179629892, 0.025441202210615698]"
266,"[0.9809065040650407, 0.981991945532006, 0.9835695006747639, 0.9746969696969697]","[0.022292603267323973, 0.016383982986203936, 0.022328540850174113, 0.023039229520180105]"
267,"[0.9813682264519877, 0.9821028359829238, 0.9833130904183536, 0.974878787878788]","[0.021708997264948977, 0.016699368510408413, 0.023123410295955844, 0.023449765379051753]"
268,"[0.9808546734252768, 0.9818461169968242, 0.9833198380566802, 0.9745016835016835]","[0.021274098787914808, 0.016337910787874464, 0.02312069780194338, 0.022911405483267432]"
269,"[0.9806046734252767, 0.9817230890587397, 0.9833198380566802, 0.9743198653198653]","[0.021194388784548532, 0.016131070058199443, 0.02283456640556844, 0.022634521049785736]"
270,"[0.9808546734252768, 0.9817128292319575, 0.9830634278002699, 0.9743198653198654]","[0.021274098787914808, 0.016349579963992215, 0.023359598825861857, 0.022924761365149718]"
271,"[0.9806304736157112, 0.981863176863451, 0.9835829959514168, 0.9744983164983165]","[0.021727410541558335, 0.016189804784444973, 0.02258434749510803, 0.022776458561094323]"
272,"[0.9803797137465302, 0.9818592156339069, 0.9838461538461538, 0.9744949494949495]","[0.021647497550791213, 0.016540371118192496, 0.023491439371439857, 0.023206757758057205]"
273,"[0.9805986583008406, 0.9814423096471269, 0.9827935222672065, 0.973962962962963]","[0.021791251318473207, 0.01689732532092317, 0.02391930716774436, 0.023653434941365053]"
274,"[0.9803804462604206, 0.9814487099978311, 0.9830499325236167, 0.9739562289562289]","[0.02223020901845074, 0.01688459080161111, 0.0239649060490719, 0.023666914316635826]"
275,"[0.9806452443605845, 0.9818486120278463, 0.9835627530364373, 0.9745117845117843]","[0.0220626179425574, 0.016547422731388338, 0.023212958578770985, 0.023190637466195162]"
276,"[0.9804007165306909, 0.9815886576806169, 0.983306342780027, 0.974141414141414]","[0.02222436877696917, 0.016558862073503405, 0.023453575595645225, 0.023229541628238586]"
277,"[0.9808824238477639, 0.9818454118081239, 0.9833130904183537, 0.9745117845117846]","[0.02185825249928899, 0.016647875258062803, 0.023450903232403727, 0.023332750295162998]"
278,"[0.9815410814932638, 0.9812602633447609, 0.9814777327935224, 0.9737811447811446]","[0.02096798291004707, 0.017725136105406863, 0.025612487670281, 0.024665897979678286]"
279,"[0.9813608040498285, 0.9819615374324441, 0.9830296896086369, 0.9746936026936026]","[0.02140572970033029, 0.01645049498443279, 0.022849176272519596, 0.023038213145285716]"
280,"[0.9816178890700713, 0.9825027129436266, 0.9838191632928475, 0.9754208754208755]","[0.02148826614029185, 0.016448034005305145, 0.02204381874272805, 0.023113392947716124]"
281,"[0.9808486583008406, 0.981568632358393, 0.9827732793522267, 0.9741380471380472]","[0.021290813336976026, 0.01627809513212469, 0.023087664514046674, 0.022802926583181664]"
282,"[0.9818532114369727, 0.9819288256285936, 0.9825371120107963, 0.9747070707070707]","[0.021285904996693653, 0.017875015948901722, 0.026034917593753704, 0.024827456359944464]"
283,"[0.9815972540625941, 0.9820882531892731, 0.9830364372469634, 0.974882154882155]","[0.02087527574294883, 0.01623956424960133, 0.02283116450040788, 0.02271322673581678]"
284,"[0.9816040017009208, 0.9822215409541398, 0.9832995951417004, 0.9750673400673401]","[0.020872825782920067, 0.016224732111508117, 0.022873473796814085, 0.022690773784853405]"
285,"[0.9818653602254372, 0.98181069546961, 0.9822537112010795, 0.9745117845117846]","[0.021542703723092742, 0.017019702873963257, 0.024117781154954134, 0.023759189535729346]"
286,"[0.9816171292008904, 0.9822179795024769, 0.9833130904183537, 0.975060606060606]","[0.021180870211289945, 0.016560135905775163, 0.023714825209983047, 0.023148497334372728]"
287,"[0.980847223667827, 0.9814280534493931, 0.9825168690958165, 0.973962962962963]","[0.021583710745831274, 0.016938988520660815, 0.024166362159081734, 0.023674322498929316]"
288,"[0.9815903909241521, 0.9819444706440247, 0.9827867746288799, 0.9746969696969697]","[0.021816932426795967, 0.017795596965430056, 0.024732555897631618, 0.024849505650014852]"
289,"[0.9820833910092576, 0.9822008913274941, 0.9827800269905532, 0.9750673400673401]","[0.020733045619435727, 0.016881966341589477, 0.023924251973717888, 0.023569666898386903]"
290,"[0.9806178039647232, 0.9819717345193898, 0.9838326585695006, 0.9746969696969697]","[0.02178614786362643, 0.017079368471073483, 0.024079317743506485, 0.023884629332923332]"
291,"[0.9806820656936189, 0.982128612373936, 0.9840958164642376, 0.9748855218855219]","[0.023078254370977002, 0.01738525394466131, 0.02355906879294438, 0.024418510094392852]"
292,"[0.9803735394573007, 0.9814554087399062, 0.9830499325236167, 0.9739595959595959]","[0.022508606851878242, 0.017377890554012947, 0.023964906049071904, 0.024351290348394408]"
293,"[0.980438138568113, 0.9821351880767143, 0.9843522267206478, 0.9748720538720539]","[0.022973350692452144, 0.016989945835785215, 0.02302708965396426, 0.02387737945943376]"
294,"[0.9806509524978716, 0.9823851524139537, 0.984608636977058, 0.9752424242424244]","[0.022284820206851803, 0.016975252256005238, 0.023057124470984985, 0.023833363954326846]"
295,"[0.9811559858713261, 0.9819782260070272, 0.9832995951417003, 0.9746936026936028]","[0.022708678083712235, 0.017319346482746224, 0.02347118732741213, 0.024310590657210734]"
296,"[0.9816377946031348, 0.9824983203031376, 0.9838326585695006, 0.9754276094276095]","[0.02201143956243883, 0.017060012605604257, 0.023245769749296798, 0.023937285562585238]"
297,"[0.9800821170342993, 0.980774597753832, 0.9820242914979757, 0.973050505050505]","[0.022159566536663955, 0.018159109752961936, 0.026136891482122775, 0.0253019009987891]"
298,"[0.9818656945678768, 0.9818109620473582, 0.9822739541160594, 0.9745185185185185]","[0.022085526250099286, 0.017680624323594178, 0.024901410282629113, 0.024705907966910086]"
299,"[0.9808708293560668, 0.9814413417498232, 0.9825371120107963, 0.9739696969696969]","[0.02233076580117027, 0.017791829042901545, 0.024948251883923345, 0.02488157145883171]"
300,"[0.9808461264167297, 0.9813048048689826, 0.9822739541160594, 0.9737878787878788]","[0.02181175049648533, 0.01761483143495772, 0.02490141028262911, 0.02461288097558857]"
301,"[0.9808708293560668, 0.9813080084164899, 0.9822739541160594, 0.9737845117845118]","[0.02233076580117027, 0.017701983085475326, 0.02490141028262911, 0.024755742909780703]"
302,"[0.9808841042441813, 0.9813040261313617, 0.9822739541160594, 0.9737845117845119]","[0.02235298712065855, 0.017651664621718608, 0.02516405130304541, 0.024611805219005432]"
303,"[0.9810978984316595, 0.9814352533678522, 0.9822739541160592, 0.97396632996633]","[0.021672363868704927, 0.017221091772627577, 0.02436763727214597, 0.024080401325288176]"
304,"[0.9811107189444802, 0.9820947727957926, 0.9835762483130904, 0.9748855218855218]","[0.021364206055960698, 0.017086722697484746, 0.024314208157526596, 0.023855312475312265]"
305,"[0.9815960347982171, 0.9818073896122068, 0.9825371120107963, 0.9745185185185185]","[0.02181685929932188, 0.017940560077286935, 0.02546985983276379, 0.024981979697258978]"
306,"[0.981352359949279, 0.9814173305484637, 0.9820242914979758, 0.973969696969697]","[0.02232663059371751, 0.0184341486986045, 0.026136891482122778, 0.025675986843303862]"
307,"[0.9818749163402565, 0.9823548567491477, 0.9833130904183536, 0.9752457912457914]","[0.02187022985678269, 0.01722604266136085, 0.02372960400710552, 0.02411519550776381]"
308,"[0.9818952443605845, 0.9828916112227443, 0.9843522267206478, 0.9759797979797981]","[0.021847963282141298, 0.016928604186106262, 0.023027089653964262, 0.023742565518628935]"
309,"[0.9813945695967519, 0.9821120819800571, 0.9832995951417004, 0.974875420875421]","[0.02280804848489229, 0.017379611902371306, 0.022888795842672272, 0.024430888265073183]"
310,"[0.9816260135913538, 0.9824951199946742, 0.9838191632928474, 0.9754276094276095]","[0.021803334827310495, 0.016779653386668515, 0.022678887701586468, 0.0235403375213456]"
311,"[0.9814013172350785, 0.9823787030782571, 0.9838259109311741, 0.9752457912457914]","[0.02280586612676928, 0.017449987257595865, 0.022964079011357476, 0.024528035091216618]"
312,"[0.9813614210636034, 0.9816728522039853, 0.9825168690958165, 0.9743299663299664]","[0.022025670443528184, 0.017744776246389263, 0.025300511726993786, 0.02473641476213065]"
313,"[0.9816331259668872, 0.9822129787441117, 0.9832793522267207, 0.975057239057239]","[0.0221001487362462, 0.01717052292929701, 0.023553719672112432, 0.024009717373571576]"
314,"[0.9816125183147005, 0.9820842522274976, 0.9830296896086369, 0.9748720538720539]","[0.021808036936040272, 0.01705326670895591, 0.023462456370797878, 0.02387737945943376]"
315,"[0.9821096794434406, 0.9820520274147394, 0.9825168690958165, 0.9748855218855219]","[0.021301582926779968, 0.017443309523351016, 0.025300511726993786, 0.024262388664847288]"
316,"[0.9808387780740155, 0.9810022908310922, 0.9817341430499325, 0.9734074074074074]","[0.021545483476594456, 0.0176350095373206, 0.02617548935332137, 0.024520893153497602]"
317,"[0.9811050685572509, 0.9816728170625778, 0.9827732793522267, 0.9743265993265993]","[0.02105541073748065, 0.01675839859713271, 0.024822222821253584, 0.023350180487884627]"
318,"[0.9811083492646394, 0.9814133263068716, 0.9822537112010795, 0.9739595959595959]","[0.022250601504882395, 0.01796940139058318, 0.02551312300367377, 0.02505540211357301]"
319,"[0.9821147595210498, 0.9816517221903169, 0.9817273954116059, 0.9743299663299664]","[0.022526129934040576, 0.018644645967979448, 0.026217623750853857, 0.025954163641810604]"
320,"[0.9818198136667329, 0.9816487008279351, 0.9819973009446693, 0.9743299663299664]","[0.021655871197639565, 0.01857140784141033, 0.026514678023192743, 0.025812121554698066]"
321,"[0.9810694762848164, 0.9812623328099882, 0.9819973009446693, 0.9737845117845118]","[0.02171998904763139, 0.018315622427219097, 0.026514678023192743, 0.025448666771683535]"
322,"[0.9815904790689771, 0.981795711711788, 0.9825101214574898, 0.9745151515151513]","[0.021868900664906536, 0.018160689367443465, 0.025602407170542636, 0.025288311119430067]"
323,"[0.9823492590052281, 0.9819226061364842, 0.9819838056680161, 0.9746969696969697]","[0.021454288660722465, 0.017527851322573097, 0.024679850387011527, 0.024442096472926337]"
324,"[0.9813584343699877, 0.9814055786824812, 0.9819838056680161, 0.973969696969697]","[0.022040162416878336, 0.017904224369208025, 0.02550776865315093, 0.024916311534059602]"
325,"[0.98161816870193, 0.9817989961466516, 0.9825033738191632, 0.9745185185185185]","[0.021519442447772957, 0.01716530643645405, 0.0247799619835396, 0.023894761084729606]"
326,"[0.9813405064242676, 0.9812693047853813, 0.9817273954116059, 0.9737811447811449]","[0.02180095548057074, 0.01771788256857218, 0.025454195398517555, 0.02466088771373441]"
327,"[0.9811228677329449, 0.9808757788234342, 0.9812078272604589, 0.9732323232323233]","[0.022564664432237307, 0.0180125688491441, 0.02612100914248611, 0.02509045635770843]"
328,"[0.9811113937083128, 0.9812758698716264, 0.9819905533063428, 0.9737845117845118]","[0.021969283648756534, 0.017784082645750172, 0.02573491139662796, 0.024780688218601993]"
329,"[0.9808561080582904, 0.9814047930248809, 0.9825101214574898, 0.973962962962963]","[0.021880950185362135, 0.017616426475191002, 0.025616096980614435, 0.024487725223914802]"
330,"[0.9815837283911739, 0.9816589256020507, 0.9822604588394062, 0.9743299663299664]","[0.020595607166989348, 0.017104211403998756, 0.025510944810999806, 0.02377214636753815]"
331,"[0.9808519663635197, 0.9816978328048487, 0.9830364372469635, 0.9743198653198653]","[0.022180176911347795, 0.017450716881661707, 0.02401382382076096, 0.024374818753648282]"
332,"[0.9819065755298105, 0.9816534178945584, 0.9819905533063428, 0.9743367003367004]","[0.021782106028614998, 0.017228811223652257, 0.025775747891657066, 0.0238870121675578]"
333,"[0.9796222366337899, 0.9809178426774774, 0.9827800269905533, 0.9732356902356902]","[0.022261447881982994, 0.017066912914011072, 0.02477743084016865, 0.023829798098137518]"
334,"[0.9806235424967774, 0.9815642004502841, 0.9830499325236167, 0.974148148148148]","[0.020828946952869624, 0.015785086591594208, 0.023994146476355945, 0.02202476193275459]"
335,"[0.9803733338848872, 0.9813182322057815, 0.98278677462888, 0.9737811447811449]","[0.021934748901563102, 0.016609656845802446, 0.023674980226888367, 0.023249964267998257]"
336,"[0.9804138744254277, 0.9815840736175129, 0.9832995951417004, 0.9741414141414141]","[0.021908091414565522, 0.01596657742444512, 0.023219598054832435, 0.022370437264376992]"
337,"[0.9798219602150924, 0.9808936082246081, 0.9825303643724697, 0.9732255892255892]","[0.02183572939232438, 0.01798156993347758, 0.026275080974182078, 0.02494122283656348]"
338,"[0.9801151516135469, 0.981181881923408, 0.9827867746288799, 0.9735925925925926]","[0.021856288331989746, 0.016540043295126903, 0.023921780650153296, 0.023112571620400427]"
339,"[0.9799124975424719, 0.9817354581717211, 0.9840823211875843, 0.9743265993265993]","[0.022027974419029876, 0.01582348532702667, 0.022421072085758297, 0.02218869907933579]"
340,"[0.9803547311753344, 0.981293252690475, 0.9827665317139, 0.9737811447811449]","[0.021095944830135382, 0.016159290162968964, 0.02401693308767674, 0.022516853834285235]"
341,"[0.9803918898902851, 0.9813031618131091, 0.9827732793522267, 0.9737811447811449]","[0.022214662715588668, 0.01697543538256049, 0.024555926003095214, 0.02367789453311839]"
342,"[0.9806078898694431, 0.9810303062349903, 0.9819973009446693, 0.9734107744107745]","[0.0220509495435568, 0.017497443887091544, 0.025147042170467527, 0.024386843256168945]"
343,"[0.980392564654118, 0.9819918719333981, 0.9840890688259109, 0.9746969696969697]","[0.02193093187996353, 0.01653916490135009, 0.02299711163305842, 0.023182270534429374]"
344,"[0.9800891732059896, 0.9809223591676828, 0.9822739541160594, 0.9732289562289563]","[0.021892611787858243, 0.017151245607553885, 0.02436763727214597, 0.023981219766155335]"
345,"[0.9803523311007264, 0.9810368472658625, 0.9822739541160594, 0.9734141414141413]","[0.021972058929086234, 0.01761602603790175, 0.025479077853735974, 0.024523155685578165]"
346,"[0.9798455834623998, 0.9806363523780925, 0.9820040485829961, 0.9728653198653199]","[0.021789977114860633, 0.017348909680765107, 0.025717099840627856, 0.02412349686600414]"
347,"[0.9803790116274071, 0.9815850330693973, 0.9833063427800269, 0.9741414141414141]","[0.021648126254849527, 0.016402830918515462, 0.023453575595645225, 0.022943157231780496]"
348,"[0.9793977267975984, 0.9809381449157677, 0.9830431848852902, 0.9732289562289563]","[0.02209697517705855, 0.01621232434641219, 0.023735896596101636, 0.022684933501849035]"
349,"[0.9810911234380426, 0.9816502735816205, 0.9827732793522267, 0.9743265993265993]","[0.01973552153170608, 0.016023272496412267, 0.0254016912822921, 0.022144101795229215]"
350,"[0.981135479633875, 0.9819644710744183, 0.9832928475033738, 0.9746936026936026]","[0.021576016106753363, 0.016355341682503934, 0.023192079560112464, 0.022894272093248166]"
351,"[0.9811351148966682, 0.9822274466952886, 0.9838124156545208, 0.975057239057239]","[0.02094271890963251, 0.01569774094181277, 0.02269725301382725, 0.021952845427685844]"
352,"[0.9803759094336759, 0.9813039136198567, 0.9827867746288799, 0.9737811447811446]","[0.021254473063349287, 0.01634057286759904, 0.02449392619607929, 0.022786910405592768]"
353,"[0.9806161637592961, 0.9811636106420994, 0.982246963562753, 0.9735993265993267]","[0.021099526565816998, 0.01601340372757978, 0.023890012304124547, 0.022355284463385354]"
354,"[0.9801348789294875, 0.9816029454994224, 0.9835627530364371, 0.9741414141414141]","[0.022404391491801807, 0.016840947055996605, 0.022912682742692352, 0.02366828544583051]"
355,"[0.9798393323707829, 0.9812033067313624, 0.9830364372469635, 0.9735858585858587]","[0.021460482554686116, 0.016037433430993273, 0.02224777707115333, 0.022541748073172583]"
356,"[0.9810787254124865, 0.9819397621613157, 0.9832995951417004, 0.9746902356902356]","[0.020461851909218853, 0.016554746129964448, 0.024340252280859117, 0.023031831668015226]"
357,"[0.9806699696353098, 0.981825078918492, 0.9835425101214574, 0.9745117845117843]","[0.021215228883269436, 0.015787860182627112, 0.02386907697022322, 0.02200951665702959]"
358,"[0.9795980849517434, 0.9811921206058652, 0.9832928475033738, 0.9735925925925926]","[0.02142475840478064, 0.016192479096639043, 0.023207191254362887, 0.022673974416715238]"
359,"[0.9813261661730853, 0.9820596029141077, 0.9833063427800269, 0.9748787878787879]","[0.019821482251153547, 0.016323904460672715, 0.02485799554660413, 0.02269589528728801]"
360,"[0.9803187437709261, 0.981020656275161, 0.9822739541160594, 0.9734175084175084]","[0.02077890995563678, 0.01682198127660534, 0.025451543471639543, 0.02337357028402175]"
361,"[0.980900860879359, 0.9819739550290721, 0.9835560053981106, 0.9747003367003367]","[0.022237928760578743, 0.01696763473823872, 0.023512136792800974, 0.02372598145805112]"
362,"[0.9808184367837769, 0.980610270081297, 0.9809514170040485, 0.9728653198653199]","[0.02097750491923667, 0.016926116849330708, 0.025482830237108317, 0.023553246041871482]"
363,"[0.980583758785941, 0.981568050395386, 0.9830229419703103, 0.9741346801346801]","[0.02089023799198633, 0.01609647275933218, 0.022897814139070032, 0.022509991659658755]"
364,"[0.9808645072444816, 0.981278954619015, 0.9822402159244263, 0.9737744107744107]","[0.021201303345377426, 0.01659578120145047, 0.024760776727534756, 0.023105048091005827]"
365,"[0.9811097098382079, 0.9818022911093068, 0.9830296896086369, 0.9745050505050504]","[0.02069367384613504, 0.016149164641819657, 0.02434623743174663, 0.02245344858942669]"
366,"[0.9808540017009207, 0.9810167858155943, 0.9817139001349527, 0.9734074074074074]","[0.02156527666263622, 0.01665724088587109, 0.024374670178021744, 0.023270645210207646]"
367,"[0.9810833362986764, 0.9808587010875023, 0.9812078272604589, 0.9732255892255892]","[0.02074920677549404, 0.01675216706449009, 0.025840966149031402, 0.023269938806011227]"
368,"[0.9798627515389389, 0.9801251870067276, 0.9809649122807018, 0.9721380471380471]","[0.022590310648540265, 0.017348443659551217, 0.025178059025093954, 0.024238092345849525]"
369,"[0.980324761934839, 0.9808944083368005, 0.9820107962213226, 0.9732356902356901]","[0.022057259746234282, 0.018016452697898908, 0.025942404552367654, 0.025066949772306262]"
370,"[0.9798298967230289, 0.9806343207894378, 0.9820107962213224, 0.9728653198653199]","[0.021153100905830818, 0.016716339865065405, 0.025402903828770734, 0.02324428009297481]"
371,"[0.9803174409474152, 0.981027846751385, 0.9822672064777328, 0.9734074074074074]","[0.02137629742469363, 0.017298905827179474, 0.02519410930244379, 0.024118180499696162]"
372,"[0.9800731490847022, 0.9807642082801514, 0.982004048582996, 0.973040404040404]","[0.021274415182396072, 0.01712358078622619, 0.02541882108816958, 0.023848856104896222]"
373,"[0.9803836802636546, 0.9815711769277597, 0.9832995951417004, 0.9741380471380472]","[0.021905180973318266, 0.016624966161673936, 0.024024885481421565, 0.02321781106302516]"
374,"[0.9801294290947692, 0.9807846497240977, 0.9820107962213224, 0.9730505050505052]","[0.022304818874624953, 0.017262556625006968, 0.02511485488366037, 0.02411272450107123]"
375,"[0.9801155113308515, 0.980489013475097, 0.9814844804318489, 0.9726835016835017]","[0.022308915548248636, 0.017935882927281457, 0.026850398590174712, 0.024922587807264404]"
376,"[0.9801227457196648, 0.9803662700320338, 0.9812145748987855, 0.9724983164983165]","[0.022306566770966846, 0.017503211669107895, 0.02606540631734515, 0.024394113901219195]"
377,"[0.9813741226026207, 0.9812613391556302, 0.9817408906882591, 0.9737845117845118]","[0.02182216713704817, 0.017704277889316954, 0.026436764738967892, 0.024616825474718374]"
378,"[0.9808082134536675, 0.9805845694326929, 0.9809649122807018, 0.9728686868686869]","[0.02157382772308597, 0.018617426338267243, 0.027940648778371425, 0.025702133504841133]"
379,"[0.9801173380563624, 0.9807661745551896, 0.9819973009446693, 0.9730538720538721]","[0.022041258720526438, 0.017421367626159628, 0.025691916256834615, 0.02423533636563705]"
380,"[0.9803833428817381, 0.9810266145065688, 0.982246963562753, 0.9734141414141415]","[0.02190547148122286, 0.016787307586537376, 0.024980609183106635, 0.023404084725795034]"
381,"[0.9806188244134328, 0.9808827055054979, 0.9817408906882592, 0.9732323232323232]","[0.02167730899765465, 0.017318631266458367, 0.026173500231170273, 0.024104475635703233]"
382,"[0.9805657209611751, 0.9803056644908442, 0.9806882591093117, 0.9724983164983165]","[0.021167230539456135, 0.018297680047553562, 0.028416576281560253, 0.02518427949901085]"
383,"[0.9798025140772251, 0.9799460319192574, 0.9806882591093118, 0.9719494949494948]","[0.02155227853787624, 0.017783419856040178, 0.026992709090694927, 0.024671276677357995]"
384,"[0.9800741885857417, 0.980501671411739, 0.9814709851551957, 0.9726801346801348]","[0.02159536802308189, 0.017077879009275754, 0.02503990670097557, 0.023841761064961824]"
385,"[0.98058599999229, 0.9807356878773343, 0.9814642375168691, 0.9730505050505052]","[0.021491873077952604, 0.017565324989014967, 0.02642826150208884, 0.02440057467159062]"
386,"[0.98055598404764, 0.981288108929143, 0.9825101214574898, 0.9737744107744107]","[0.02096798394861508, 0.016982769677731185, 0.024496562838006313, 0.023696523581568447]"
387,"[0.9801226317657639, 0.9810511657612334, 0.9825101214574898, 0.9734141414141415]","[0.022151376488866975, 0.01683329971947313, 0.023953770121620574, 0.02354490926081743]"
388,"[0.9791421725616206, 0.980126938113634, 0.9817206477732792, 0.9721313131313132]","[0.023443368243235063, 0.017738670586379953, 0.025456237149236928, 0.02480994223230419]"
389,"[0.9793603815625639, 0.980784443087049, 0.9827800269905533, 0.973040404040404]","[0.02164643807803694, 0.016585290634072547, 0.02480571349966217, 0.023124046467140107]"
390,"[0.9803002455155857, 0.9811726502903129, 0.9825168690958165, 0.9735892255892256]","[0.021197125257151745, 0.01676518611812382, 0.023615981287402568, 0.023427391669840425]"
391,"[0.9795877689677432, 0.9807702462246176, 0.9825033738191632, 0.9730404040404039]","[0.021740646728858216, 0.017141699902418185, 0.02505787164581488, 0.023874748984742178]"
392,"[0.980183098681494, 0.9813278878146916, 0.9830296896086369, 0.9737744107744107]","[0.02249974945955516, 0.016132296631889326, 0.023165414812584918, 0.02266630530610161]"
393,"[0.9811152108568667, 0.9812615421647486, 0.9819703103913631, 0.9737744107744107]","[0.020656141579275904, 0.015974823472268713, 0.02472677197543685, 0.022196643528092405]"
394,"[0.9818306854407625, 0.9816457242483183, 0.9819905533063427, 0.9743198653198653]","[0.01997012812243321, 0.016378900897045752, 0.025190967301145086, 0.022752964901935867]"
395,"[0.9798139273123228, 0.9809188432844868, 0.982523616734143, 0.9732289562289563]","[0.020903776946336827, 0.01622124780443697, 0.023628395039054943, 0.02267948561296822]"
396,"[0.9803550073335054, 0.9807667220339517, 0.9817206477732793, 0.973037037037037]","[0.02217640678187541, 0.017193104023952143, 0.02464081846966096, 0.024006459167017772]"
397,"[0.9800915459253072, 0.9811745125898435, 0.9827665317139, 0.9735892255892256]","[0.02102870010267523, 0.016022924897865505, 0.023433144132041082, 0.0223847905245881]"
398,"[0.9799115817915562, 0.981039059298694, 0.9827800269905532, 0.9734141414141413]","[0.0224379215378719, 0.017401044172528773, 0.02583058702986113, 0.0242316624073817]"
399,"[0.9800971963125364, 0.9811606879836138, 0.9827800269905532, 0.9735892255892256]","[0.02132293171114102, 0.01677985316252705, 0.025055368577448743, 0.023390440317590133]"
400,"[0.9810822420870561, 0.9816738043793545, 0.9827800269905532, 0.9743265993265993]","[0.0211021099695882, 0.0171897970064813, 0.025055368577448743, 0.02393559924841919]"
401,"[0.9792903956835278, 0.9795670608980608, 0.9804318488529015, 0.9713905723905724]","[0.021369274872227038, 0.017161994068540666, 0.026160307490243777, 0.023839499251045105]"
402,"[0.9808055311656081, 0.9808772149030848, 0.9814912280701755, 0.9732323232323232]","[0.02034375109553639, 0.016521569335939366, 0.025308997184474883, 0.022948863627680074]"
403,"[0.9807994856464047, 0.981537277748091, 0.9827867746288799, 0.974148148148148]","[0.020035765636536806, 0.016585635417071275, 0.025010992318217566, 0.023046127432077877]"
404,"[0.9811065498944189, 0.9819503029760397, 0.9833130904183537, 0.9746969696969697]","[0.020636072600695367, 0.016535876185892157, 0.024546727645237406, 0.023001654607488035]"
405,"[0.9803434193549725, 0.9814237625712847, 0.9830431848852901, 0.9739595959595959]","[0.021027219233349336, 0.01688577887154596, 0.025068662413842743, 0.02351215939711286]"
406,"[0.981324002065658, 0.9816489299949863, 0.9825101214574898, 0.9743232323232323]","[0.019823741716397805, 0.016504225462403568, 0.025533848024853204, 0.022893474844769487]"
407,"[0.9815860561961333, 0.9817785228298423, 0.9825101214574898, 0.9745117845117846]","[0.019879978684866025, 0.016519087901124926, 0.025520114093834086, 0.022871372580274777]"
408,"[0.9800689895343296, 0.9810238709323523, 0.9825168690958164, 0.9734074074074074]","[0.021036769025200585, 0.017039092416950178, 0.02524502341594848, 0.02369298713212755]"
409,"[0.9798326068242628, 0.9810376153851376, 0.9827800269905532, 0.9734107744107745]","[0.02059516491237241, 0.016161852786742995, 0.02449633979856736, 0.022517498275262494]"
410,"[0.9805676495593056, 0.9810136291115843, 0.9819973009446693, 0.9734074074074074]","[0.020562955212879055, 0.01663072075786903, 0.025160979740806257, 0.023106769505785628]"
411,"[0.9802973792890352, 0.980598762189868, 0.9814709851551957, 0.9728585858585858]","[0.02118445461541727, 0.017917765271592275, 0.026919342632664888, 0.024836660796688302]"
412,"[0.9803191419423769, 0.9810119209356729, 0.9822402159244266, 0.9734107744107745]","[0.02148520350154826, 0.01777411717422322, 0.025841759897628824, 0.024681510611573643]"
413,"[0.9813386219486989, 0.9815018975442897, 0.9822672064777328, 0.9741481481481482]","[0.020454461762667027, 0.01757197638709804, 0.027317533549667296, 0.02417154715597502]"
414,"[0.9803707746454857, 0.981135873739092, 0.9825168690958164, 0.9735993265993266]","[0.021296346459429186, 0.01736113766442683, 0.026620796374565624, 0.0239215149154829]"
415,"[0.9805818743103724, 0.9814016573254094, 0.9827732793522267, 0.9739595959595959]","[0.020199499334249152, 0.016447872930827393, 0.025346424474172125, 0.02277121179698549]"
416,"[0.9805815095731654, 0.9812835693183665, 0.9825168690958164, 0.9737777777777779]","[0.020199861795106792, 0.015959247225248625, 0.02446558086599118, 0.022192270397578134]"
417,"[0.981872050113706, 0.983152159562973, 0.9848852901484481, 0.9763434343434344]","[0.020264017768451048, 0.015653710200758737, 0.022419631253005747, 0.02188394814336595]"
418,"[0.9806050221496306, 0.9817196451617838, 0.9833063427800269, 0.9743198653198653]","[0.021346015421595286, 0.016138025804632368, 0.022534812847886238, 0.022623599680957777]"
419,"[0.9803141055294456, 0.9810565181725948, 0.9822604588394062, 0.9734074074074074]","[0.02112241672763913, 0.01638352225524045, 0.022953338256813113, 0.02297401809380613]"
420,"[0.9798077199595171, 0.9808070311617152, 0.982280701754386, 0.9730437710437709]","[0.021215094537859278, 0.016478424833417472, 0.02323082034562167, 0.023125299773651388]"
421,"[0.9810700439256279, 0.9819724374068016, 0.9833130904183536, 0.9746902356902356]","[0.020055293611166036, 0.01579605010794906, 0.02253203151702431, 0.022126006122293818]"
422,"[0.9813260894448316, 0.9822325287376458, 0.9835762483130904, 0.9750572390572391]","[0.02042420245330402, 0.016087416617866602, 0.022571676243485377, 0.022530696447739064]"
423,"[0.9810984964672385, 0.9822502587553759, 0.9838394062078273, 0.975060606060606]","[0.021365245526470587, 0.016484424520709945, 0.02229977069231155, 0.023143158568462104]"
424,"[0.9810501687873319, 0.9812994618045789, 0.9820107962213226, 0.9737710437710437]","[0.021451398818850997, 0.017348450755081037, 0.024059512292384705, 0.024267406693496665]"
425,"[0.9818062143065351, 0.981948850822389, 0.9825371120107963, 0.9746936026936026]","[0.019643617079726023, 0.01570016451012519, 0.023014547422019218, 0.02198277897854765]"
426,"[0.9813193418065049, 0.9822258265790448, 0.9835829959514171, 0.975060606060606]","[0.01980521589205187, 0.015679567625393787, 0.022858276927718687, 0.021925695063684223]"
427,"[0.9811271355289327, 0.9821090133012724, 0.9835695006747639, 0.9748787878787879]","[0.020893531193616862, 0.015550513959158404, 0.022281387338222953, 0.021793117279888575]"
428,"[0.9813403445906654, 0.9818430549646944, 0.9828002699055332, 0.9745151515151516]","[0.020126287584123423, 0.015236172034403398, 0.02214305038488845, 0.021372526692759304]"
429,"[0.9811072603906364, 0.9818462239272238, 0.9830566801619431, 0.9745117845117846]","[0.02124666565585614, 0.016228962863483506, 0.022777031729644823, 0.022737246844918835]"
430,"[0.9800565790437422, 0.9810496694028877, 0.9825303643724694, 0.9734074074074074]","[0.020370956920295717, 0.015774692021554678, 0.02328588282901574, 0.02206021858459353]"
431,"[0.9810779465651096, 0.9822575754092076, 0.9838394062078273, 0.975060606060606]","[0.020088065901692112, 0.01505451796624363, 0.02073960486965271, 0.02116424799279383]"
432,"[0.9805854236778498, 0.9814707887472583, 0.9827867746288796, 0.9739595959595959]","[0.021521668703332265, 0.016314946078381118, 0.021849535365054407, 0.02295902392234801]"
433,"[0.9820896394320657, 0.9823451667871258, 0.9830431848852902, 0.9752457912457912]","[0.02005062213947831, 0.015665008604018763, 0.022507527229417863, 0.02190092594388144]"
434,"[0.9818602197289618, 0.9822255495622456, 0.9830566801619434, 0.9750673400673401]","[0.020265142858459095, 0.015434278874902861, 0.02248652775540885, 0.02160694890581478]"
435,"[0.9815763306754962, 0.9821031319315001, 0.9830499325236167, 0.9748754208754208]","[0.02053785253638765, 0.01587629523940932, 0.021880725685899154, 0.022259166311233647]"
436,"[0.9803499007054849, 0.9817125134844535, 0.9835964912280702, 0.9743198653198653]","[0.021418557504033948, 0.016612980546485346, 0.023946548955885372, 0.02320604843204566]"
437,"[0.9803278584202846, 0.9817271431856247, 0.9835897435897436, 0.9743333333333334]","[0.021442536701578346, 0.016975889832791365, 0.023408738988486083, 0.023747179243710184]"
438,"[0.9806232571566333, 0.9819931749313368, 0.9838394062078273, 0.9746969696969697]","[0.02140913641994289, 0.015758665637381913, 0.02205071526715573, 0.02211136387845878]"
439,"[0.9806468108031009, 0.9826527710785078, 0.9851282051282052, 0.9756060606060606]","[0.021048169606889138, 0.014939735224740104, 0.02091896735398282, 0.02092788969334872]"
440,"[0.9815479742851373, 0.9815487669742039, 0.9820242914979757, 0.974148148148148]","[0.020560429380158358, 0.016640595912670062, 0.024025860513340082, 0.023199781044063048]"
441,"[0.9810438132415026, 0.9814183378392444, 0.9822672064777328, 0.9739562289562289]","[0.02109309786087794, 0.017064340594405866, 0.024127705400008224, 0.023806184144438518]"
442,"[0.9810802120872724, 0.9814173942773415, 0.9822672064777328, 0.97396632996633]","[0.02094400956197833, 0.016455465103269083, 0.024127705400008224, 0.022907398437473123]"
443,"[0.9810786980571962, 0.9816662226257494, 0.9827597840755735, 0.9743232323232323]","[0.020375257841326547, 0.016088893927873212, 0.02400478854704013, 0.022330550166403857]"
444,"[0.980360635703062, 0.9810660058876453, 0.9822604588394063, 0.9734175084175084]","[0.021780493014325192, 0.01604936143385145, 0.022373136778170627, 0.02250898412488892]"
445,"[0.9791632835913966, 0.9811057117529213, 0.9835695006747639, 0.9734276094276094]","[0.02269257914279498, 0.016120932665621087, 0.022016205871707974, 0.02263175738955942]"
446,"[0.9791401744498662, 0.9804218132840795, 0.9822739541160594, 0.9725050505050504]","[0.02236330944073002, 0.01641383685760864, 0.023807185612666135, 0.022958727652309923]"
447,"[0.9795861451458372, 0.98053557504974, 0.982017543859649, 0.9726902356902356]","[0.02128722939300587, 0.016136992700725376, 0.02375290892912066, 0.022514046273071034]"
448,"[0.9800950568915909, 0.9813256306082165, 0.9830431848852902, 0.9737845117845118]","[0.020872083107282557, 0.015414987862284502, 0.022229275958935382, 0.021567753678357157]"
449,"[0.9805943547724677, 0.9815749845853522, 0.9830364372469634, 0.9741447811447812]","[0.020728653476642385, 0.01541361398362907, 0.02224777707115333, 0.021557147749593983]"
450,"[0.9813853178002729, 0.9817046268608972, 0.982523616734143, 0.9743400673400673]","[0.021358035523682668, 0.016055149888595355, 0.023049975980262892, 0.022439570448085495]"
451,"[0.979672114764541, 0.9813623393019667, 0.9835492577597842, 0.9737878787878788]","[0.02307800284092425, 0.016515293042835454, 0.021708271480855194, 0.0231990380307518]"
452,"[0.9815955067341462, 0.9820916017696574, 0.9830296896086369, 0.9748855218855219]","[0.020867425839219148, 0.016233869896947008, 0.022544055553963823, 0.022687012351220587]"
453,"[0.9813438144869466, 0.9822496799009995, 0.9835695006747638, 0.9750707070707071]","[0.020413204769432293, 0.015325970891050639, 0.0210347546421165, 0.02144867934540511]"
454,"[0.9820896120767751, 0.9823523390423995, 0.9830431848852902, 0.9752525252525253]","[0.019736496973915277, 0.014997456705357806, 0.02158098021498516, 0.02095420670914122]"
455,"[0.9826493560312559, 0.9822180261096727, 0.9822807017543859, 0.9750808080808081]","[0.020136659739633234, 0.015017162843406238, 0.02264224711683029, 0.020978484315626322]"
456,"[0.9813531347087188, 0.9822498064752433, 0.9835762483130904, 0.975074074074074]","[0.020767786376666455, 0.015331610442231997, 0.021048353314555464, 0.02146698765868087]"
457,"[0.9808491069678489, 0.9817257172211613, 0.9830499325236167, 0.9743367003367003]","[0.021064847685974275, 0.015699591052560285, 0.021610628306716895, 0.021997670697745993]"
458,"[0.98112474799349, 0.98238935299447, 0.9840958164642376, 0.9752592592592592]","[0.021102380678575384, 0.01549821309117558, 0.021109920451743633, 0.021730686682913624]"
459,"[0.9811311582499003, 0.9825333294796985, 0.9843589743589743, 0.9754444444444443]","[0.021100421741359274, 0.015348500903342131, 0.02047691562549833, 0.021556882698861125]"
460,"[0.9811078774044114, 0.9819757748883536, 0.9833063427800269, 0.9746969696969697]","[0.020933022153742414, 0.015580014163775295, 0.021959518980303277, 0.02182163038589703]"
461,"[0.9806393678765307, 0.9815992375562534, 0.9830431848852902, 0.974148148148148]","[0.022163335702606514, 0.016098849611368267, 0.02193151763421829, 0.02262809536428579]"
462,"[0.980554016764864, 0.9821272764744988, 0.9840958164642376, 0.9748855218855219]","[0.02067458594184255, 0.016088516680823995, 0.02145181410942674, 0.022562746296371443]"
463,"[0.9806205291997975, 0.982010051594116, 0.9838394062078274, 0.9747070707070707]","[0.02194599465140048, 0.016479097707460328, 0.021718251694984998, 0.02316396912665831]"
464,"[0.981091131815137, 0.9830471964153509, 0.9853778677462889, 0.9761582491582491]","[0.020747401387850386, 0.015722016252568652, 0.0202914521566974, 0.02211865955989837]"
465,"[0.9800572811628652, 0.9810704281604885, 0.9825033738191632, 0.9734141414141413]","[0.021638890376768045, 0.016369899799332073, 0.021519625657908884, 0.02294414150107841]"
466,"[0.980058010637279, 0.9810704700342145, 0.9825033738191632, 0.9734141414141415]","[0.021654427411362497, 0.01636684605632404, 0.021519625657908884, 0.022949526564528276]"
467,"[0.9805441232681283, 0.9811902206487022, 0.9822469635627529, 0.9735993265993266]","[0.020930783064788672, 0.01596270200202383, 0.021462304987710196, 0.02234975622069284]"
468,"[0.9836747174250385, 0.9851110867333387, 0.9869230769230769, 0.979077441077441]","[0.019686226237551206, 0.01434318462301863, 0.019336376925809366, 0.020112428725803613]"
469,"[0.9798586399424012, 0.9814807866989412, 0.9835290148448043, 0.9739494949494949]","[0.02176997857801283, 0.015458765426636753, 0.02005946905544905, 0.021756087336946835]"
470,"[0.9799214890559564, 0.9817667451220415, 0.9840620782726045, 0.9743265993265992]","[0.02222383364005587, 0.015296411538367154, 0.019806767948170552, 0.021561621566655406]"
471,"[0.9814302142816264, 0.9830530068625339, 0.9850944669365721, 0.9761515151515151]","[0.021311098944003053, 0.014479343926828286, 0.01888521487987281, 0.020376410880555113]"
472,"[0.9808595092327441, 0.9819792241552733, 0.9835357624831309, 0.9746767676767675]","[0.020562655333837616, 0.014649207370819855, 0.020398636314047678, 0.020555178866878913]"
473,"[0.9803468042200392, 0.9814702530944036, 0.9830026990553306, 0.9739461279461278]","[0.021686137261711706, 0.015568595328651937, 0.019982967709326668, 0.021895039629466893]"
474,"[0.9811328204730002, 0.9822595607101603, 0.9837921727395411, 0.975050505050505]","[0.021484281840442182, 0.015161534041239131, 0.019436005008003562, 0.02131095036208045]"
475,"[0.9814133082778782, 0.982378377478977, 0.9837854251012145, 0.9752323232323231]","[0.021477090028739706, 0.015047317012954243, 0.02013928829054334, 0.02113450177983812]"
476,"[0.9820854810572398, 0.9824894096957054, 0.9832793522267206, 0.9754208754208753]","[0.019797274016702254, 0.014597623635465642, 0.020007989028719617, 0.02044810833851023]"
477,"[0.9818663146211286, 0.9826294309243343, 0.9837989203778676, 0.9755993265993266]","[0.020300324240472335, 0.014472225522518815, 0.01976804573990112, 0.020284201810487245]"
478,"[0.9818534941083079, 0.9826296450118235, 0.9837989203778676, 0.9755993265993266]","[0.02032083958521259, 0.014700064231591524, 0.019768045739901118, 0.02060757102582548]"
479,"[0.9791141037354132, 0.9804194065056696, 0.9822199730094465, 0.9724781144781144]","[0.021416408262716184, 0.014840441691220707, 0.021147657222927083, 0.02083381429911093]"
480,"[0.9800992414461607, 0.980665885921003, 0.9817004048582996, 0.9728383838383837]","[0.022091567210647183, 0.016078041663734458, 0.021688232195996762, 0.02257721028677189]"
481,"[0.9793110800639684, 0.9805578911614221, 0.9822402159244263, 0.9726666666666666]","[0.021873071505481453, 0.01624242411266944, 0.02139945810383396, 0.02284527937138484]"
482,"[0.9808135348491573, 0.9805270962314804, 0.980668016194332, 0.9726599326599326]","[0.021898880940602466, 0.016270470381742175, 0.02135590220821817, 0.02288586641004966]"
483,"[0.9815457057234979, 0.982104002944376, 0.9830296896086369, 0.9748720538720537]","[0.019985135940978626, 0.01498568266641759, 0.019935674473678687, 0.021018821843285154]"
484,"[0.982802192708162, 0.9827434088970732, 0.9830229419703103, 0.9757912457912457]","[0.019352448678559217, 0.014778965412929564, 0.01958831851999475, 0.02073234886418443]"
485,"[0.9827954450698354, 0.9826135843356696, 0.9827665317139, 0.9756127946127947]","[0.019355508801253703, 0.014800936980332201, 0.019532150792358868, 0.020759385067555473]"
486,"[0.9822826245570146, 0.9823573072793924, 0.9827665317139003, 0.9752457912457912]","[0.019571037952794378, 0.014949663090060645, 0.019532150792358868, 0.020969835368864854]"
487,"[0.9823289309849002, 0.9822303599854899, 0.9824966261808368, 0.975057239057239]","[0.02048851131547361, 0.01504285777221896, 0.01951428670055079, 0.02118070893095218]"
488,"[0.9828471385624787, 0.9823532196827665, 0.982246963562753, 0.975242424242424]","[0.019906611938004217, 0.014231910353362515, 0.01941202902111747, 0.019994356638994272]"
489,"[0.9825852561359621, 0.982612917790566, 0.9830161943319837, 0.9755959595959596]","[0.019240767262027225, 0.013850534881180945, 0.019252906499897603, 0.01944487325893276]"
490,"[0.9828224356231418, 0.982343222928466, 0.9822402159244263, 0.9752323232323232]","[0.019325118333334435, 0.014004498746870993, 0.01941488678424174, 0.019663894645303992]"
491,"[0.982828845879552, 0.9827396720045952, 0.9830161943319837, 0.9757845117845118]","[0.019322416016923784, 0.014070542423394821, 0.019252906499897603, 0.01973797452753427]"
492,"[0.9825596151103211, 0.9826169142502585, 0.9830229419703103, 0.9756060606060606]","[0.019284978072461018, 0.01432321185050397, 0.019231531580409914, 0.020110306689564462]"
493,"[0.9818788524626137, 0.9828996205734712, 0.9843117408906883, 0.9759595959595958]","[0.020552941494394097, 0.014728816062298098, 0.01947891958994795, 0.020736750239229655]"
494,"[0.9810896394320656, 0.9819730246058027, 0.9832591093117409, 0.9746801346801345]","[0.020360684741083594, 0.01452849111950286, 0.01968615704924928, 0.020400928744519733]"
495,"[0.9811018345540168, 0.9821098382483124, 0.9835222672064776, 0.9748619528619529]","[0.020342416833212036, 0.014282158226607672, 0.019378103599695468, 0.020055711497542077]"
496,"[0.9818271589699704, 0.9822267391577517, 0.9830094466936572, 0.9750404040404039]","[0.020033348744401637, 0.01452008357565796, 0.019612398204108632, 0.02037388482914366]"
497,"[0.9816798438361338, 0.9822460524551463, 0.9832860998650471, 0.9750505050505051]","[0.021008033356400307, 0.014003558683105863, 0.01998733278402289, 0.019667363862076587]"
498,"[0.9806538654285767, 0.9818803691932605, 0.9835560053981106, 0.9745117845117843]","[0.021275965328950066, 0.014253100575903153, 0.019343410198031694, 0.020065108456124837]"
499,"[0.9808828626444159, 0.9818561613539961, 0.9832793522267207, 0.9745016835016834]","[0.021751317574286125, 0.015481598743413707, 0.020688655248669387, 0.021720791857589943]"
500,"[0.9796602756849869, 0.9817391473031917, 0.9843049932523616, 0.9743030303030302]","[0.02184972026812414, 0.014995434592804913, 0.02053824601548366, 0.021100173840504048]"
501,"[0.9808971451455405, 0.9825232032856616, 0.984574898785425, 0.9754175084175083]","[0.02110966510069471, 0.014442461044023988, 0.01917137405398928, 0.020303030023842632]"
502,"[0.9804396294049696, 0.9818794557810879, 0.9837989203778676, 0.9744983164983164]","[0.022248996894789652, 0.014827038923113467, 0.01976804573990112, 0.020909422727079692]"
503,"[0.9813920103573505, 0.9825059537556872, 0.984055330634278, 0.9754107744107743]","[0.020707848226481914, 0.014350971117331964, 0.019810187029810213, 0.02015586506415654]"
504,"[0.9813311417964821, 0.9812884191487994, 0.9817004048582996, 0.9737542087542087]","[0.020800191923506784, 0.01514852687741801, 0.02136653926762603, 0.021167628770097112]"
505,"[0.9816077307046498, 0.9818284153359111, 0.98248987854251, 0.9744949494949495]","[0.020490172347331817, 0.014600512154140925, 0.020554147011321303, 0.02043448601415008]"
506,"[0.981821277148299, 0.9810288398161491, 0.9806477732793522, 0.9734006734006733]","[0.020995362356500846, 0.015309914163217772, 0.020452331083907718, 0.021472877539786765]"
507,"[0.9801020241135775, 0.9806908567736349, 0.9817004048582996, 0.9728417508417507]","[0.022780997207289492, 0.0161502218127804, 0.020080608880387953, 0.02276792573136785]"
508,"[0.9793537163607767, 0.9810948010869396, 0.9832523616734141, 0.9733872053872054]","[0.021560129179511053, 0.014065633953336496, 0.01796174681606548, 0.019862005087822175]"
509,"[0.9798688947026558, 0.981487473172583, 0.9835087719298246, 0.9739360269360269]","[0.02191022705860535, 0.014623816130181023, 0.018015896119282573, 0.020660076152162598]"
510,"[0.9801280792493885, 0.981490793181466, 0.9832523616734141, 0.9739461279461278]","[0.021810726082966775, 0.014511063637711458, 0.017961746816065483, 0.020491184156717756]"
511,"[0.9805794001763194, 0.9807825033166881, 0.981417004048583, 0.9730202020202019]","[0.020620311612442505, 0.014162268167770204, 0.01972329488811658, 0.01988794323265319]"
512,"[0.9799237835008053, 0.9812333083275994, 0.9829959514170039, 0.9735858585858586]","[0.022450812520063087, 0.014605521068632991, 0.018642541441012038, 0.020647521887005454]"
513,"[0.981165149893648, 0.9820110878758779, 0.9832658569500674, 0.9746835016835016]","[0.022160519958426585, 0.01453422564481398, 0.017915710418651656, 0.02058149186720833]"
514,"[0.9801519646436206, 0.9813711028433545, 0.9830026990553306, 0.9737643097643097]","[0.022121767481802588, 0.014448873964662564, 0.017880781956255542, 0.020483099605026183]"
515,"[0.9814406784586502, 0.9817535901521578, 0.9824966261808367, 0.9743198653198654]","[0.022485595360010477, 0.015011183074096527, 0.018847017514406223, 0.02125045197988472]"
516,"[0.9819531615895544, 0.9822663196167858, 0.9830094466936571, 0.9750505050505051]","[0.02200661324057974, 0.014276690625290913, 0.018260655268379784, 0.020202048260362118]"
517,"[0.9814534989714708, 0.9820030144888571, 0.9830094466936571, 0.9746767676767676]","[0.021874202584190327, 0.013965487976527392, 0.01863603891236203, 0.019747197462897784]"
518,"[0.9814559484190422, 0.9813257462001505, 0.9816801619433196, 0.9737575757575757]","[0.022226851743501752, 0.013791072868779423, 0.0187147850390372, 0.019487988615555403]"
519,"[0.9806131930785333, 0.9805330263002558, 0.9808906882591093, 0.9726531986531985]","[0.022397324906283704, 0.01526935235318509, 0.019570915156831806, 0.021532379038340255]"
520,"[0.9806012559414357, 0.9802520637156162, 0.9803711201079622, 0.9722861952861952]","[0.022439305763111938, 0.015841102822079758, 0.021077076494623773, 0.022281203993006697]"
521,"[0.9804015999064137, 0.9809497857755224, 0.9819500674763831, 0.9732087542087541]","[0.022514587678860894, 0.015109000175729305, 0.01948803343723918, 0.021336722120993794]"
522,"[0.9801651225383575, 0.9808265335891123, 0.9819433198380565, 0.973020202020202]","[0.022416028208367873, 0.014524739921251703, 0.018785386321643942, 0.020548082814010937]"
523,"[0.9796590496638636, 0.9805700101025959, 0.9819500674763831, 0.9726565656565656]","[0.02283075929394329, 0.01511485144156332, 0.01948803343723918, 0.021345011289910572]"
524,"[0.9816769035501385, 0.9807635842059764, 0.9803778677462885, 0.97303367003367]","[0.022281092191145532, 0.015091410686393964, 0.021401117608891452, 0.02115813208436771]"
525,"[0.9806460699862497, 0.980392156252657, 0.9806342780026991, 0.9724747474747475]","[0.022040568584290515, 0.014469671942810992, 0.020150147309781454, 0.02036284887713626]"
526,"[0.9808886202288001, 0.9803743657732948, 0.9803643724696356, 0.9724646464646465]","[0.0218202325331141, 0.014623246413763436, 0.020764863417407412, 0.02055613215713599]"
527,"[0.9809086849266566, 0.9805110562799925, 0.9806342780026989, 0.9726498316498317]","[0.02298035716581447, 0.01595157647078642, 0.021800929204238508, 0.02243328272488143]"
528,"[0.9794205369584061, 0.9801627957841226, 0.9814170040485828, 0.972090909090909]","[0.022972119938688328, 0.014902952535604001, 0.020053867586131115, 0.021050148259296696]"
529,"[0.9801901051095531, 0.9807002003500542, 0.9816869095816463, 0.9728350168350168]","[0.023189487713937137, 0.014740870791174738, 0.01869327706472511, 0.02086770140751858]"
530,"[0.9794194974573665, 0.9803102814082366, 0.9816936572199728, 0.9722895622895623]","[0.02264198023579335, 0.014525724456471593, 0.019399349879402398, 0.020532013035111714]"
531,"[0.9793928169306859, 0.9801629194532796, 0.9814237516869094, 0.972104377104377]","[0.0221040455037101, 0.014552935823331671, 0.02003388591641373, 0.020519744780525564]"
532,"[0.9794147304458601, 0.9799027999301227, 0.9808906882591093, 0.9717373737373738]","[0.023887971748697945, 0.016120910761912213, 0.02060514417841586, 0.022714215977614007]"
533,"[0.9796705369584059, 0.9804369020551769, 0.9816869095816463, 0.9724781144781144]","[0.023030350369921196, 0.014752756976130304, 0.019060142258940337, 0.020851600398849007]"
534,"[0.9801688226935339, 0.9805452623515326, 0.9814237516869094, 0.9726666666666666]","[0.022330368827618137, 0.014565873304558817, 0.020051377920379216, 0.020488229598085064]"
535,"[0.9804049626796738, 0.9797315460655978, 0.9795951417004047, 0.9715622895622894]","[0.02245847700643046, 0.015042993140716278, 0.021420775080920315, 0.02115037885115253]"
536,"[0.9796239235433716, 0.9799007164196037, 0.9806410256410255, 0.9717340067340068]","[0.022825521933753628, 0.015097023059475533, 0.019448350059305432, 0.021351122516680122]"
537,"[0.9799063973126876, 0.9807004746689288, 0.9819433198380567, 0.9728383838383838]","[0.022262807621754716, 0.014025768156804974, 0.018033022714688644, 0.019871143071636278]"
538,"[0.9791175983923095, 0.9803144846139056, 0.9819500674763831, 0.9722895622895622]","[0.022312170640349946, 0.014513159753325833, 0.018391090253531906, 0.020532013035111714]"
539,"[0.9791175983923095, 0.9800479055789054, 0.9814304993252361, 0.9719259259259259]","[0.022312170640349946, 0.014387050661133301, 0.018597176751984794, 0.020353237640307623]"
540,"[0.9801037383784496, 0.9802837608628618, 0.9808974358974359, 0.9722895622895622]","[0.02213763530399517, 0.014885393582136187, 0.019174858943325736, 0.02102711798990152]"
541,"[0.9806105133720667, 0.9808135889295321, 0.9814237516869097, 0.973030303030303]","[0.02168369824569689, 0.014633212566312394, 0.018599863517295465, 0.02067671805713402]"
542,"[0.9801446163009065, 0.9807009130047436, 0.9816869095816463, 0.9728417508417508]","[0.02239230783043628, 0.014601372421368915, 0.0182999185875818, 0.02069363775511148]"
543,"[0.9801240360040104, 0.9804168169011811, 0.9811605937921726, 0.9724713804713805]","[0.02242823898086029, 0.015113379770886028, 0.019610842722374837, 0.021347976048146658]"
544,"[0.9791186652486397, 0.9800511021038874, 0.9814237516869094, 0.971929292929293]","[0.022341538657249287, 0.014603113252998264, 0.018599863517295468, 0.020671133305509314]"
545,"[0.9788686652486396, 0.9799318329739714, 0.9814237516869094, 0.9717373737373738]","[0.023162347817321894, 0.015406545786284673, 0.01861870281346178, 0.02180653033030819]"
