,Maddock,Mickey,admins,adminx,andrew,apple,asshole,buster,chris,computer,david,fiction,foobar,fred,gta,gtta,harley,internet,jennifer,jordan,kamran,money,mustang,newpass,notused,orange,osamac,osamax,phoenix,piglet,qwerty,root,runner,sam,stupid,summer,tigger,wheeling,is_private,is_failure,is_root,is_valid,not_valid_count,ip_failure,ip_success,no_failure,first,td,ts,target,source
0,0,0,0,0,0,0,0,0,0,0,0,0,0,0,0,0,0,0,0,0,0,0,0,0,0,0,0,0,0,0,1,0,0,0,0,0,0,0,1,1,0,0,7,0.06675994557810574,0.6717341040004506,0.6997277265379389,0,-0.14867710206182466,0.5395311967746195,0,original
1,0,0,0,0,1,0,0,0,0,0,0,0,0,0,0,0,0,0,0,0,0,0,0,0,0,0,0,0,0,0,0,0,0,0,0,0,0,0,1,1,0,1,0,-0.4239754752758805,-0.7824595057587668,-0.4317061623373604,0,-0.1487116269825314,0.530035449543849,0,original
2,0,0,0,0,0,0,0,0,0,0,1,0,0,0,0,0,0,0,0,0,0,0,0,0,0,0,0,0,0,0,0,0,0,0,0,0,0,0,1,0,0,1,0,-0.6202696436174749,1.9181857695083515,-0.7145646345561852,0,-0.11801897247422588,0.5401698166916171,0,original
3,0,0,0,0,0,0,0,0,0,0,0,0,0,0,0,0,0,0,0,0,0,0,1,0,0,0,0,0,0,0,0,0,0,0,0,0,0,0,1,1,0,1,0,-0.4239754752758805,-0.4708465893817916,-0.4317061623373604,0,-0.14898782634818544,0.5228823072991982,0,original
4,0,0,0,0,0,0,0,0,0,0,0,0,0,0,0,0,0,0,0,0,0,0,0,0,1,0,0,0,0,0,0,0,0,0,0,0,0,0,1,1,0,0,1,2.5204370498480366,-0.7824595057587668,2.302592402444613,0,-0.14898782634818544,-1.885636259888891,1,original
5,0,0,0,0,0,0,0,0,0,0,1,0,0,0,0,0,0,0,0,0,0,0,0,0,0,0,0,0,0,0,0,0,0,0,0,0,0,0,1,1,0,1,0,-0.5221225594466777,-0.26310464513047477,-0.5259923197436354,0,-0.1487806768239449,0.5124342890611037,0,original
6,0,0,0,0,0,0,0,0,0,0,1,0,0,0,0,0,0,0,0,0,0,0,0,0,0,0,0,0,0,0,0,0,0,0,0,0,0,0,1,1,0,0,14,3.796349144068401,-0.7824595057587668,3.5283124487261874,0,-0.14881520174465168,-1.885631932519112,1,original
7,0,0,0,0,0,0,0,0,0,0,1,0,0,0,0,0,0,0,0,0,0,0,0,0,0,0,0,0,0,0,0,0,0,0,0,0,0,0,1,1,0,1,0,-0.22768130693428598,1.2949599367544011,-0.05456153271226065,0,-0.14705443078860717,0.5242130567248835,0,original
8,0,0,0,0,0,0,0,0,0,0,1,0,0,0,0,0,0,0,0,0,0,0,0,0,0,0,0,0,0,0,0,0,0,0,0,0,0,0,1,0,0,1,0,-0.6202696436174749,0.04850827124650037,-0.7145646345561852,0,-0.14664013174012608,0.512606302009818,0,original
9,0,0,0,0,0,0,0,0,0,0,0,0,0,1,0,0,0,0,0,0,0,0,0,0,0,0,0,0,0,0,0,0,0,0,0,0,0,0,1,1,0,1,0,-0.3258283911050832,-0.5747175615074499,-0.3374200049310855,0,-0.14891877650677193,0.5112608228831543,0,original
10,0,0,0,0,0,0,0,0,0,0,0,1,0,0,0,0,0,0,0,0,0,0,0,0,0,0,0,0,0,0,0,0,0,0,0,0,0,0,1,1,0,0,5,2.9130253865312254,-0.7824595057587668,2.679737032069713,0,-0.14898782634818544,-1.8856351780464464,1,original
11,0,0,0,0,0,0,0,0,0,0,0,0,1,0,0,0,0,0,0,0,0,0,0,0,0,0,0,0,0,0,0,0,0,0,0,0,0,0,1,1,0,0,8,0.16490702974890298,1.5027018810057178,1.5483031431944134,0,-0.13945894823312097,0.5396048452795117,0,original
12,0,0,0,0,0,0,0,0,0,0,0,0,1,0,0,0,0,0,0,0,0,0,0,0,0,0,0,0,0,0,0,0,0,0,0,0,0,0,1,1,0,0,10,0.36120119809049744,0.6717341040004506,1.4540169857881384,0,-0.12361200962872025,0.5395937771991154,0,original
13,0,0,0,0,0,0,0,0,0,0,1,0,0,0,0,0,0,0,0,0,0,0,0,0,0,0,0,0,0,0,0,0,0,0,0,0,0,0,1,0,0,1,0,-0.6202696436174749,1.3988309088800595,-0.7145646345561852,0,-0.1487116269825314,0.5242182162811585,0,original
14,0,0,0,0,1,0,0,0,0,0,0,0,0,0,0,0,0,0,0,0,0,0,0,0,0,0,0,0,0,0,0,0,0,0,0,0,0,0,1,0,0,1,0,-0.6202696436174749,-0.6785885336331083,-0.7145646345561852,0,-0.14449958665630724,0.5227222778360257,0,original
15,0,0,0,0,0,0,0,0,0,0,1,0,0,0,0,0,0,0,0,0,0,0,0,0,0,0,0,0,0,0,0,0,0,0,0,0,0,0,1,0,0,1,0,-0.6202696436174749,2.125927713759668,-0.7145646345561852,0,-0.13352066187155906,0.5402089294569271,0,original
16,0,0,0,0,1,0,0,0,0,0,0,0,0,0,0,0,0,0,0,0,0,0,0,0,0,0,0,0,0,0,0,0,0,0,0,0,0,0,1,1,0,1,0,-0.12953422276348875,-0.6785885336331083,-0.4317061623373604,0,-0.14881520174465168,0.5300474330293907,0,original
17,0,0,0,0,0,0,0,0,0,0,0,0,0,0,0,0,0,0,0,0,0,0,0,0,0,0,0,0,0,0,0,0,1,0,0,0,0,0,1,1,0,0,1,-0.3258283911050832,-0.7824595057587668,0.4168692543191141,0,-0.14764135444062199,0.524543351545129,1,original
18,0,0,0,0,0,0,0,0,0,0,1,0,0,0,0,0,0,0,0,0,0,0,0,0,0,0,0,0,0,0,0,0,0,0,0,0,0,0,1,0,0,1,0,-0.6202696436174749,0.7756050761261091,-0.7145646345561852,0,-0.14436148697348022,0.5126335145082359,0,original
19,0,0,0,0,0,0,0,0,0,0,0,0,0,0,0,0,0,0,0,0,0,0,0,0,0,0,0,0,0,0,1,0,0,0,0,0,0,0,1,1,0,0,1,-0.5221225594466777,0.6717341040004506,-0.05456153271226065,0,11.002354412409561,0.5395205447874711,0,original
20,0,0,0,0,0,0,0,0,0,0,0,0,0,0,0,0,0,0,0,0,0,0,0,0,0,0,0,0,0,0,1,0,0,0,0,0,0,0,1,1,0,0,9,0.26305411391970024,0.6717341040004506,0.9825861987567638,0,-0.14874615190323817,0.5395323618357137,0,original
21,0,0,0,0,0,0,0,0,0,0,0,0,0,1,0,0,0,0,0,0,0,0,0,0,0,0,0,0,0,0,0,0,0,0,0,0,0,0,1,0,0,1,0,-0.6202696436174749,-0.5747175615074499,-0.7145646345561852,0,-0.1469508560264869,0.5111181028990976,0,original
22,0,0,0,0,0,0,0,0,0,0,0,0,0,0,0,0,0,0,0,0,0,0,0,0,0,0,0,0,0,0,1,0,0,0,0,0,0,0,1,1,0,0,5,-0.12953422276348875,1.5027018810057178,1.1711585135693137,0,6.059766764030461,0.5395502538453769,0,original
23,0,0,0,0,0,0,0,0,0,0,1,0,0,0,0,0,0,0,0,0,0,0,0,0,0,0,0,0,0,0,0,0,0,0,0,0,0,0,1,0,0,1,0,-0.6202696436174749,0.3601211876234755,-0.7145646345561852,0,-0.14418886236994646,0.5117873472791465,0,original
24,0,0,0,0,1,0,0,0,0,0,0,0,0,0,0,0,0,0,0,0,0,0,0,0,0,0,0,0,0,0,0,0,0,0,0,0,0,0,1,0,0,1,0,-0.6202696436174749,-0.4708465893817916,-0.7145646345561852,0,-0.14884972666535842,0.530044686813954,0,original
25,0,0,0,0,0,0,0,0,0,0,1,0,0,0,0,0,0,0,0,0,0,0,0,0,0,0,0,0,0,0,0,0,0,0,0,0,0,0,1,1,0,1,0,-0.0313871385926915,1.2949599367544011,0.13401078210028924,0,-0.1487806768239449,0.5242145546605763,0,original
26,0,0,0,0,0,0,0,0,0,0,0,0,0,0,0,0,0,0,0,0,0,0,0,0,0,0,0,0,0,0,1,0,0,0,0,0,0,0,1,1,0,0,8,0.16490702974890298,0.6717341040004506,0.8883000413504888,0,-0.1489533014274787,0.5395315296492178,0,original
27,0,0,0,0,0,0,0,0,0,0,1,0,0,0,0,0,0,0,0,0,0,0,0,0,0,0,0,0,0,0,0,0,0,0,0,0,0,0,1,1,0,1,0,-0.5221225594466777,-0.5747175615074499,-0.5259923197436354,0,-0.14722705539214093,0.51125965782206,0,original
28,0,0,0,0,0,0,0,0,0,0,0,0,0,0,0,0,0,0,0,0,0,0,0,0,0,0,0,0,0,0,1,0,0,0,0,0,0,0,1,1,0,0,4,-0.22768130693428598,0.6717341040004506,0.32258309691283915,0,-0.14605320808811126,0.5395287002151316,0,original
29,0,0,0,0,0,0,0,0,0,0,1,0,0,0,0,0,0,0,0,0,0,0,0,0,0,0,0,0,0,0,0,0,0,0,0,0,0,0,1,0,0,1,0,-0.6202696436174749,0.04850827124650037,-0.7145646345561852,0,-0.1486425771411179,0.5116393013015157,0,original
30,0,0,0,0,0,0,0,0,0,0,1,0,0,0,0,0,0,0,0,0,0,0,0,0,0,0,0,0,0,0,0,0,0,0,0,0,0,0,1,0,0,1,0,-0.6202696436174749,-0.05536270087915802,-0.7145646345561852,0,-0.1486425771411179,0.5126003934856967,0,original
31,0,0,0,0,0,0,0,0,0,0,0,0,0,0,0,0,0,0,0,0,0,0,0,0,0,0,0,0,0,0,0,0,1,0,0,0,0,0,1,1,0,0,2,-0.22768130693428598,-0.7824595057587668,0.511155411725389,0,-0.1487806768239449,0.5245441005129754,1,original
32,0,0,0,0,0,0,0,0,0,0,0,0,0,0,0,0,0,0,0,0,0,0,1,0,0,0,0,0,0,0,0,0,0,0,0,0,0,0,1,1,0,1,0,-0.5221225594466777,-0.6785885336331083,-0.5259923197436354,0,-0.1470889557093139,0.5227271045177022,0,original
33,0,0,0,0,0,0,0,0,0,0,0,0,0,0,0,0,0,0,1,0,0,0,0,0,0,0,0,0,0,0,0,0,0,0,0,0,0,0,1,1,0,0,23,1.6371132923108616,-0.7824595057587668,1.4540169857881384,0,-0.14898782634818544,-1.8856385900110797,1,original
34,0,0,0,0,0,0,0,0,0,0,0,0,0,0,0,0,0,0,0,0,0,0,1,0,0,0,0,0,0,0,0,0,0,0,0,0,0,0,1,0,0,1,0,-0.6202696436174749,-0.36697561725613315,-0.7145646345561852,0,-0.007366601609074903,0.5232250016982334,0,original
35,0,0,0,0,0,0,0,0,0,0,0,0,0,0,1,0,0,0,0,0,0,0,0,0,0,0,0,0,0,0,0,0,0,0,0,0,0,0,1,1,0,0,11,3.5019078915560096,-0.7824595057587668,3.2454539765073624,0,-0.14898782634818544,-1.885633596892104,1,original
36,0,0,0,0,0,0,0,0,0,0,0,0,0,0,0,0,0,0,0,0,0,0,0,0,0,0,0,0,0,0,0,0,0,1,0,0,0,0,1,1,0,0,13,3.698202059897604,-0.7824595057587668,3.4340262913199124,0,-0.14898782634818544,-1.8856325982683089,1,original
37,0,0,0,0,1,0,0,0,0,0,0,0,0,0,0,0,0,0,0,0,0,0,0,0,0,0,0,0,0,0,0,0,0,0,0,0,0,0,1,0,0,1,0,-0.6202696436174749,-0.6785885336331083,-0.7145646345561852,0,-0.14884972666535842,0.5300360320743961,0,original
38,0,0,0,0,0,0,0,0,0,0,0,0,0,1,0,0,0,0,0,0,0,0,0,0,0,0,0,0,0,0,0,0,0,0,0,0,0,0,1,1,1,1,0,-0.4239754752758805,-0.5747175615074499,-0.3374200049310855,0,-0.13918274886746693,0.5228135686946321,0,original
39,0,0,0,0,0,0,0,0,0,0,1,0,0,0,0,0,0,0,0,0,0,0,0,0,0,0,0,0,0,0,0,0,0,0,0,0,0,0,1,1,0,1,0,-0.4239754752758805,0.15237924337215875,-0.3374200049310855,0,-0.13945894823312097,0.5116784972854753,0,original
40,0,0,0,0,1,0,0,0,0,0,0,0,0,0,0,0,0,0,0,0,0,0,0,0,0,0,0,0,0,0,0,0,0,0,0,0,0,0,1,0,0,1,0,-0.6202696436174749,-0.4708465893817916,-0.7145646345561852,0,-0.12378463423225403,0.5228745679647858,0,original
41,0,0,0,0,0,0,0,0,0,0,0,0,0,1,0,0,0,0,0,0,0,0,0,0,0,0,0,0,0,0,0,0,0,0,0,0,0,0,1,0,0,1,0,-0.6202696436174749,0.6717341040004506,-0.7145646345561852,0,0.08212199286283503,0.512349822131764,0,original
42,0,0,0,0,0,0,0,0,0,0,0,0,0,0,0,0,0,0,0,0,0,0,1,0,0,0,0,0,0,0,0,0,0,0,0,0,0,0,1,1,0,1,0,0.06675994557810574,-0.6785885336331083,0.22829693950656418,0,-0.14805565348910307,0.5227485749292978,1,original
43,0,0,0,0,0,0,0,0,0,0,1,0,0,0,0,0,0,0,0,0,0,0,0,0,0,0,0,0,0,0,0,0,0,0,0,0,0,0,1,0,0,1,0,-0.6202696436174749,0.9833470203774259,-0.7145646345561852,0,-0.14684728126436664,0.5126433343088882,0,original
44,0,0,0,0,0,0,0,0,0,0,0,0,0,1,0,0,0,0,0,0,0,0,0,0,0,0,0,0,0,0,0,0,0,0,0,0,0,0,0,1,1,1,0,-0.0313871385926915,-0.7824595057587668,0.13401078210028924,0,-0.14874615190323817,0.5382958159213708,1,original
45,0,0,0,0,0,0,0,0,0,0,1,0,0,0,0,0,0,0,0,0,0,0,0,0,0,0,0,0,0,0,0,0,0,0,0,0,0,0,1,0,0,1,0,-0.6202696436174749,0.6717341040004506,-0.7145646345561852,0,-0.14829732793405034,0.5126411706239987,0,original
46,0,0,0,0,0,0,0,0,0,0,0,0,0,0,0,0,0,0,0,0,0,0,0,0,0,0,0,0,1,0,0,0,0,0,0,0,0,0,1,1,0,0,6,-0.0313871385926915,-0.7824595057587668,-0.1488476901185356,0,-0.1487806768239449,-1.8856434999114056,0,original
47,0,0,0,0,0,0,0,0,0,0,0,0,0,1,0,0,0,0,0,0,0,0,0,0,0,0,0,0,0,0,0,0,0,0,0,0,0,0,0,1,1,1,0,0.06675994557810574,-0.7824595057587668,0.22829693950656418,0,-0.14905687618959898,0.5382958991400204,1,original
48,0,0,0,0,0,0,0,0,0,0,1,0,0,0,0,0,0,0,0,0,0,0,0,0,0,0,0,0,0,0,0,0,0,0,0,0,0,0,1,1,0,1,0,0.16490702974890298,1.2949599367544011,0.4168692543191141,0,-0.1487116269825314,0.5242173008760129,0,original
49,0,0,0,0,0,0,0,0,0,0,1,0,0,0,0,0,0,0,0,0,0,0,0,0,0,0,0,0,0,0,0,0,0,0,0,0,0,0,1,0,0,1,0,-0.6202696436174749,-0.6785885336331083,-0.7145646345561852,1,-0.14909140111030572,-1.9528957361770505,0,original
50,0,0,0,0,1,0,0,0,0,0,0,0,0,0,0,0,0,0,0,0,0,0,0,0,0,0,0,0,0,0,0,0,0,0,0,0,0,0,1,1,0,1,0,-0.5221225594466777,-0.7824595057587668,-0.3374200049310855,1,-0.14909140111030572,0.5300421902544662,0,original
51,0,0,0,0,0,0,0,0,0,0,1,0,0,0,0,0,0,0,0,0,0,0,0,0,0,0,0,0,0,0,0,0,0,0,0,0,0,0,1,0,0,1,0,-0.6202696436174749,2.02205674163401,-0.7145646345561852,0,-0.14843542761687736,0.5401713978459594,0,original
52,0,0,0,0,0,0,0,0,0,0,0,0,0,0,0,0,0,0,0,0,0,0,1,0,0,0,0,0,0,0,0,0,0,0,0,0,0,0,1,0,0,1,0,-0.6202696436174749,-0.1592336730048164,-0.7145646345561852,0,-0.14815922825122332,0.5253608915587574,0,original
53,0,0,0,0,0,0,0,0,0,0,0,0,0,1,0,0,0,0,0,0,0,0,0,0,0,0,0,0,0,0,0,0,0,0,0,0,0,0,1,1,0,0,1,-0.0313871385926915,-0.5747175615074499,0.0397246246940143,0,-0.1024482332354792,0.5114264279958498,1,original
54,0,0,0,0,0,0,0,0,0,0,0,0,0,0,0,0,0,0,0,0,0,0,0,0,0,0,0,0,0,0,0,0,0,0,0,1,0,0,1,1,0,0,4,-0.22768130693428598,-0.7824595057587668,-0.3374200049310855,0,-0.14891877650677193,-1.8856444985352008,0,original
55,0,0,0,0,0,0,0,0,1,0,0,0,0,0,0,0,0,0,0,0,0,0,0,0,0,0,0,0,0,0,0,0,0,0,0,0,0,0,1,1,0,0,20,1.3426720397984697,-0.7824595057587668,1.1711585135693137,0,-0.14898782634818544,-1.8856395054162247,1,original
56,0,0,0,0,0,0,0,0,0,0,1,0,0,0,0,0,0,0,0,0,0,0,0,0,0,0,0,0,0,0,0,0,0,0,0,0,0,0,1,0,0,1,0,-0.6202696436174749,0.8794760482517675,-0.7145646345561852,0,-0.1472615803128477,0.5126379250966645,0,original
57,0,0,0,0,0,0,0,0,0,0,1,0,0,0,0,0,0,0,0,0,0,0,0,0,0,0,0,0,0,0,0,0,0,0,0,0,0,0,1,0,0,1,0,-0.6202696436174749,1.0872179925030843,-0.7145646345561852,0,-0.13469450917558873,0.5126780364857696,0,original
58,0,0,0,0,1,0,0,0,0,0,0,0,0,0,0,0,0,0,0,0,0,0,0,0,0,0,0,0,0,0,0,0,0,0,0,0,0,0,1,1,0,1,0,-0.5221225594466777,-0.7824595057587668,0.511155411725389,1,-0.14909140111030572,0.5300346173573529,0,original
59,0,0,0,0,0,0,0,0,0,0,1,0,0,0,0,0,0,0,0,0,0,0,0,0,0,0,0,0,0,0,0,0,0,0,0,0,0,0,1,1,0,1,0,-0.22768130693428598,1.3988309088800595,-0.05456153271226065,0,-0.14898782634818544,0.524515972609412,0,original
60,0,0,0,0,0,0,0,0,0,0,1,0,0,0,0,0,0,0,0,0,0,0,0,0,0,0,0,0,0,0,0,0,0,0,0,0,0,0,1,0,0,1,0,-0.6202696436174749,1.7104438252570346,-0.7145646345561852,0,-0.14550080935680315,0.5400910918490995,0,original
61,0,0,0,0,1,0,0,0,0,0,0,0,0,0,0,0,0,0,0,0,0,0,0,0,0,0,0,0,0,0,0,0,0,0,0,0,0,0,1,0,0,1,0,-0.6202696436174749,-0.5747175615074499,-0.7145646345561852,0,-0.14456863649772078,0.5300465176242452,0,original
62,0,0,0,0,0,0,0,0,0,0,0,0,0,0,0,0,0,0,0,0,0,0,0,1,0,0,0,0,0,0,0,0,0,0,0,0,0,0,1,1,0,0,4,2.8148783023604285,-0.7824595057587668,2.585450874663438,0,-0.14898782634818544,-1.8856354277023948,1,original
63,0,0,0,0,0,0,0,1,0,0,0,0,0,0,0,0,0,0,0,0,0,0,0,0,0,0,0,0,0,0,0,0,0,0,0,0,0,0,1,1,0,0,7,0.06675994557810574,-0.7824595057587668,-0.05456153271226065,0,-0.14898782634818544,-1.885643250255457,1,original
64,0,0,0,0,1,0,0,0,0,0,0,0,0,0,0,0,0,0,0,0,0,0,0,0,0,0,0,0,0,0,0,0,0,0,0,0,0,0,1,0,0,1,0,-0.6202696436174749,-0.4708465893817916,-0.7145646345561852,0,-0.14860805222041115,0.5300461847496467,0,original
65,0,1,0,0,0,0,0,0,0,0,0,0,0,0,0,0,0,0,0,0,0,0,0,0,0,0,0,0,0,0,0,0,0,0,0,0,0,0,1,1,0,0,11,0.4593482822612947,0.6717341040004506,-0.3374200049310855,0,0.1261757916846549,0.5402572794923421,0,original
66,0,0,0,0,1,0,0,0,0,0,0,0,0,0,0,0,0,0,0,0,0,0,0,0,0,0,0,0,0,0,0,0,0,0,0,0,0,0,1,0,0,1,0,-0.6202696436174749,-0.4708465893817916,-0.7145646345561852,0,-0.14850447745829087,0.5300426063477142,0,original
67,0,0,0,0,0,0,0,0,0,0,0,0,0,1,0,0,0,0,0,0,0,0,0,0,0,0,0,0,0,0,0,0,0,0,0,0,0,0,1,1,1,1,0,-0.12953422276348875,-0.6785885336331083,-0.05456153271226065,0,-0.14909140111030572,0.5227443307781685,1,original
68,0,0,0,0,1,0,0,0,0,0,0,0,0,0,0,0,0,0,0,0,0,0,0,0,0,0,0,0,0,0,0,0,0,0,0,0,0,0,1,1,0,1,0,-0.5221225594466777,-0.7824595057587668,-0.5259923197436354,1,-0.14909140111030572,0.530040359444175,0,original
69,0,0,0,0,0,0,0,0,0,0,1,0,0,0,0,0,0,0,0,0,0,0,0,0,0,0,0,0,0,0,0,0,0,0,0,0,0,0,1,0,0,1,0,-0.6202696436174749,2.541411602262302,-0.7145646345561852,0,-0.1487806768239449,0.5402416343862182,0,original
70,0,0,0,0,0,0,0,0,0,0,0,0,0,0,0,0,0,0,0,0,0,0,0,0,0,0,0,0,0,0,1,0,0,0,0,0,0,0,1,1,0,0,1,-0.5221225594466777,1.5027018810057178,-0.6202784771499104,0,-0.1409780447442182,0.5245748081946762,0,original
71,0,0,0,0,0,0,0,0,0,0,0,0,0,1,0,0,0,0,0,0,0,0,0,0,0,0,0,0,0,0,0,0,0,0,0,0,0,0,0,1,1,1,0,0.6556424506028892,-0.7824595057587668,-0.24313384752481054,0,-0.14860805222041115,0.5383143736802306,0,original
72,0,0,0,0,0,0,0,0,0,0,0,0,0,0,0,0,0,0,0,0,0,0,1,0,0,0,0,0,0,0,0,0,0,0,0,0,0,0,1,0,0,1,0,-0.6202696436174749,0.2562502154978171,-0.7145646345561852,0,-0.12447513264638914,0.5383010586962953,0,original
73,0,0,0,0,0,0,0,0,0,0,0,0,0,1,0,0,0,0,0,0,0,0,0,0,0,0,0,0,0,0,0,0,0,0,0,0,0,0,0,1,1,1,0,0.36120119809049744,-0.7824595057587668,0.6997277265379389,0,-0.1486425771411179,0.5383001432911498,1,original
74,0,0,0,0,0,0,0,0,0,0,0,0,0,0,0,0,0,0,0,0,0,0,0,0,0,1,0,0,0,0,0,0,0,0,0,0,0,0,1,1,0,0,12,0.557495366432092,-0.7824595057587668,0.4168692543191141,0,-0.14898782634818544,-1.885642001975713,1,original
75,0,0,0,0,0,0,0,0,0,0,1,0,0,0,0,0,0,0,0,0,0,0,0,0,0,0,0,0,0,0,0,0,0,0,0,0,0,0,1,1,0,1,0,-0.3258283911050832,0.15237924337215875,-0.24313384752481054,0,-0.1460186831674045,0.5116859037452893,0,original
76,0,1,0,0,0,0,0,0,0,0,0,0,0,0,0,0,0,0,0,0,0,0,0,0,0,0,0,0,0,0,0,0,0,0,0,0,0,0,1,1,0,0,3,-0.3258283911050832,2.64528257438796,-0.4317061623373604,0,-0.14905687618959898,0.5402558647752991,0,original
77,0,0,0,0,0,0,0,0,0,0,1,0,0,0,0,0,0,0,0,0,0,0,0,0,0,0,0,0,0,0,0,0,0,0,0,0,0,0,1,1,0,1,0,-0.4239754752758805,-0.5747175615074499,-0.4317061623373604,0,-0.1487806768239449,0.5112604067899064,0,original
78,0,0,0,0,0,0,0,0,0,0,1,0,0,0,0,0,0,0,0,0,0,0,0,0,0,0,0,0,0,0,0,0,0,0,0,0,0,0,1,0,0,1,0,-0.6202696436174749,1.6065728531313763,-0.7145646345561852,0,-0.14235904157248844,0.5400824371095415,0,original
79,0,0,0,0,0,0,0,0,0,0,0,0,0,1,0,0,0,0,0,0,0,0,0,0,0,0,0,0,0,0,0,0,0,0,0,0,0,0,1,1,1,1,0,1.1463778714568753,-0.5747175615074499,-0.6202784771499104,0,-0.11159733722276938,0.5123578111221252,0,original
80,0,1,0,0,0,0,0,0,0,0,0,0,0,0,0,0,0,0,0,0,0,0,0,0,0,0,0,0,0,0,0,0,0,0,0,0,0,0,1,1,0,0,2,0.36120119809049744,-0.5747175615074499,-0.4317061623373604,0,-0.14812470333051658,0.5115962772596747,0,original
81,0,0,0,0,1,0,0,0,0,0,0,0,0,0,0,0,0,0,0,0,0,0,0,0,0,0,0,0,0,0,0,0,0,0,0,0,0,0,1,0,0,1,0,-0.6202696436174749,-0.6785885336331083,-0.7145646345561852,0,-0.1487806768239449,0.5300356159811481,0,original
82,0,0,0,0,0,0,0,0,0,0,1,0,0,0,0,0,0,0,0,0,0,0,0,0,0,0,0,0,0,0,0,0,0,0,0,0,0,0,1,1,0,0,10,0.36120119809049744,1.5027018810057178,1.8311616154132382,0,0.04169331071522449,0.5400662094728704,0,original
83,0,0,0,0,0,0,0,0,0,0,1,0,0,0,0,0,0,0,0,0,0,0,0,0,0,0,0,0,0,0,0,0,0,0,0,0,0,0,1,0,0,1,0,-0.6202696436174749,-0.5747175615074499,-0.7145646345561852,0,-0.1463294074537653,0.5111354123782136,0,original
84,0,0,0,0,0,0,0,0,0,0,0,0,0,1,0,0,0,0,0,0,0,0,0,0,0,0,0,0,0,0,0,0,0,0,0,0,0,0,0,1,1,1,0,0.4593482822612947,-0.7824595057587668,-0.5259923197436354,0,-0.14767587936132875,0.5383035552557832,0,original
85,0,0,0,0,1,0,0,0,0,0,0,0,0,0,0,0,0,0,0,0,0,0,0,0,0,0,0,0,0,0,0,0,0,0,0,0,0,0,1,0,0,1,0,-0.6202696436174749,-0.6785885336331083,-0.7145646345561852,0,-0.14857352729970438,0.5300364481676441,0,original
86,0,0,0,1,0,0,0,0,0,0,0,0,0,0,0,0,0,0,0,0,0,0,0,0,0,0,0,0,0,0,0,0,0,0,0,0,0,0,1,1,0,0,12,3.6000549757268065,-0.7824595057587668,3.3397401339136374,0,-0.1487806768239449,-1.8856328479242572,1,original
87,0,0,0,0,0,0,0,0,0,0,0,0,0,0,0,0,0,0,0,0,0,0,1,0,0,0,0,0,0,0,0,0,0,0,0,0,0,0,1,0,0,1,0,-0.6202696436174749,0.04850827124650037,-0.7145646345561852,0,3.300258901780917,0.5381771461270473,0,original
88,0,0,0,0,1,0,0,0,0,0,0,0,0,0,0,0,0,0,0,0,0,0,0,0,0,0,0,0,0,0,0,0,0,0,0,0,0,0,1,1,0,1,0,-0.22768130693428598,-0.6785885336331083,-0.5259923197436354,0,-0.1487116269825314,0.530046767280194,0,original
89,0,0,0,0,1,0,0,0,0,0,0,0,0,0,0,0,0,0,0,0,0,0,0,0,0,0,0,0,0,0,0,0,0,0,0,0,0,0,1,0,0,1,0,-0.6202696436174749,-0.6785885336331083,-0.7145646345561852,0,-0.14829732793405034,0.5300384454152344,0,original
90,0,0,0,0,0,0,0,0,0,0,1,0,0,0,0,0,0,0,0,0,0,0,0,0,0,0,0,0,0,0,0,0,0,0,0,0,0,0,1,1,0,1,0,0.26305411391970024,-0.7824595057587668,0.511155411725389,0,-0.14853900237899764,-1.9528726013924629,1,original
91,0,0,0,0,0,0,0,0,0,0,0,0,1,0,0,0,0,0,0,0,0,0,0,0,0,0,0,0,0,0,0,0,0,0,0,0,0,0,1,1,0,0,9,0.26305411391970024,1.5027018810057178,1.7368754580069634,0,-0.14846995253758413,0.5396063432152044,0,original
92,0,0,0,0,0,0,0,0,0,0,0,0,0,0,0,0,0,0,0,0,0,0,0,0,0,0,0,0,0,0,0,0,0,0,0,0,0,1,1,1,0,0,6,3.011172470702023,-0.7824595057587668,2.774023189475988,0,-0.14898782634818544,-1.8856349283904972,1,original
93,0,0,0,0,0,0,0,0,0,0,1,0,0,0,0,0,0,0,0,0,0,0,0,0,0,0,0,0,0,0,0,0,0,0,0,0,0,0,1,1,0,1,0,-0.5221225594466777,0.6717341040004506,-0.5259923197436354,0,-0.03944025294565065,0.5126141245628801,0,original
94,0,0,0,0,0,0,0,0,0,0,1,0,0,0,0,0,0,0,0,0,0,0,0,0,0,0,0,0,0,0,0,0,0,0,0,0,0,0,1,1,0,1,0,0.16490702974890298,-0.7824595057587668,0.4168692543191141,0,-0.14836637777546385,-1.9528739328908564,1,original
95,0,0,0,0,0,0,0,0,0,0,0,0,0,1,0,0,0,0,0,0,0,0,0,0,0,0,0,0,0,0,0,0,0,0,0,0,0,0,1,1,1,1,0,-0.3258283911050832,-0.6785885336331083,-0.24313384752481054,0,-0.14405076268711944,0.5227416677813814,0,original
96,0,0,0,0,0,0,0,0,0,0,1,0,0,0,0,0,0,0,0,0,0,0,0,0,0,0,0,0,0,0,0,0,0,0,0,0,0,0,1,1,0,1,0,-0.5221225594466777,1.2949599367544011,-0.5259923197436354,0,-0.1482628030133436,0.5242068985448135,0,original
97,0,0,0,0,0,0,0,0,0,0,0,0,0,0,0,0,0,0,0,0,0,0,0,0,0,0,0,0,0,0,0,0,0,0,1,0,0,0,1,1,0,0,18,1.1463778714568753,-0.7824595057587668,0.9825861987567638,0,-0.1488842515860652,-1.8856400879467723,1,original
98,0,1,0,0,0,0,0,0,0,0,0,0,0,0,0,0,0,0,0,0,0,0,0,0,0,0,0,0,0,0,0,0,0,0,0,0,0,0,1,1,0,0,5,0.6556424506028892,-0.5747175615074499,-0.05456153271226065,0,-0.14860805222041115,0.5116196617002111,1,original
99,0,0,0,0,0,0,0,0,0,0,0,0,0,0,0,0,0,0,0,0,0,0,0,0,0,0,0,1,0,0,0,0,0,0,0,0,0,0,1,1,0,0,22,1.5389662081400644,-0.7824595057587668,1.3597308283818637,0,-0.1489533014274787,-1.8856388396670285,1,original
100,0,0,0,0,0,0,0,0,0,0,0,0,0,1,0,0,0,0,0,0,0,0,0,0,0,0,0,0,0,0,0,0,0,0,0,0,0,0,1,1,1,1,0,-0.0313871385926915,0.15237924337215875,0.22829693950656418,0,-0.12623590360243367,0.5117476519832893,0,original
101,0,0,0,0,0,0,0,0,0,0,0,0,0,0,0,0,0,0,0,0,0,0,1,0,0,0,0,0,0,0,0,0,0,0,0,0,0,0,1,1,0,1,0,-0.5221225594466777,0.04850827124650037,-0.5259923197436354,0,-0.12261078692822434,0.5382409748312872,0,original
102,0,0,0,0,0,0,0,0,0,0,0,0,0,0,0,0,0,0,0,0,0,0,0,0,0,0,0,0,0,0,0,0,0,0,0,0,1,0,1,1,0,0,25,1.833407460652456,-0.7824595057587668,1.6425893006006884,0,-0.14898782634818544,-1.8856380906991816,1,original
103,0,0,0,0,0,0,0,0,0,0,0,0,0,0,0,0,0,0,0,0,0,0,0,0,0,0,0,0,0,0,0,1,0,0,0,0,0,0,1,1,0,0,15,0.8519366189444836,-0.7824595057587668,0.6997277265379389,0,-0.14898782634818544,-1.885641169789217,1,original
104,0,0,0,0,0,0,1,0,0,0,0,0,0,0,0,0,0,0,0,0,0,0,0,0,0,0,0,0,0,0,0,0,0,0,0,0,0,0,1,1,0,0,19,1.2445249556276725,-0.7824595057587668,1.0768723561630387,0,-0.1489533014274787,-1.885639755072174,1,original
105,0,0,0,0,0,0,0,0,0,0,1,0,0,0,0,0,0,0,0,0,0,0,0,0,0,0,0,0,0,0,0,0,0,0,0,0,0,0,1,0,0,1,0,-0.6202696436174749,-0.1592336730048164,-0.7145646345561852,0,-0.08073205811093008,0.512599311643252,0,original
106,0,1,0,0,0,0,0,0,0,0,0,0,0,0,0,0,0,0,0,0,0,0,0,0,0,0,0,0,0,0,0,0,0,0,0,0,0,0,1,1,0,0,12,0.557495366432092,0.6717341040004506,-0.1488476901185356,0,-0.14881520174465168,0.5402579452415389,0,original
107,0,0,0,0,0,0,0,0,0,0,1,0,0,0,0,0,0,0,0,0,0,0,0,0,0,0,0,0,0,0,0,0,0,0,0,0,0,0,1,1,0,1,0,-0.4239754752758805,-0.7824595057587668,-0.4317061623373604,0,-0.1486425771411179,-1.952880840038773,0,original
108,0,0,0,0,0,0,0,0,0,0,0,0,0,0,0,0,0,0,0,1,0,0,0,0,0,0,0,0,0,0,0,0,0,0,0,0,0,0,1,1,0,0,2,-0.4239754752758805,-0.7824595057587668,-0.5259923197436354,0,-0.14898782634818544,-1.8856452475030472,0,original
109,0,0,0,0,0,0,0,0,0,0,0,0,0,1,0,0,0,0,0,0,0,0,0,0,0,0,0,0,0,0,0,0,0,0,0,0,0,0,1,1,1,1,0,-0.12953422276348875,-0.7824595057587668,0.9825861987567638,0,-0.146087733008818,0.5245513405354902,1,original
110,0,1,0,0,0,0,0,0,0,0,0,0,0,0,0,0,0,0,0,0,0,0,0,0,0,0,0,0,0,0,0,0,0,0,0,0,0,0,1,0,0,1,0,-0.6202696436174749,-0.26310464513047477,-0.7145646345561852,0,0.03430497768397884,0.5115804657162515,0,original
111,0,0,0,0,0,0,0,0,0,0,1,0,0,0,0,0,0,0,0,0,0,0,0,0,0,0,0,0,0,0,0,0,0,0,0,0,0,0,1,1,0,1,0,-0.4239754752758805,1.2949599367544011,-0.4317061623373604,0,-0.14909140111030572,0.5242068985448135,0,original
112,0,0,0,0,0,0,0,0,0,0,0,0,0,1,0,0,0,0,0,0,0,0,0,0,0,0,0,0,0,0,0,0,0,0,0,0,0,0,0,1,1,1,0,-0.22768130693428598,-0.7824595057587668,-0.1488476901185356,0,-0.147779454123449,0.5382904899277967,0,original
113,0,0,0,0,0,0,0,0,0,0,1,0,0,0,0,0,0,0,0,0,0,0,0,0,0,0,0,0,0,0,0,0,0,0,0,0,0,0,1,1,0,1,0,-0.22768130693428598,2.541411602262302,-0.1488476901185356,0,-0.1486425771411179,0.5402490408460322,0,original
114,1,0,0,0,0,0,0,0,0,0,0,0,0,0,0,0,0,0,0,0,0,0,0,0,0,0,0,0,0,0,0,0,0,0,0,0,0,0,1,1,0,0,3,2.716731218189631,-0.7824595057587668,2.491164717257163,0,-0.1489533014274787,-1.885635677358344,1,original
115,0,0,0,0,0,0,0,0,0,0,1,0,0,0,0,0,0,0,0,0,0,0,0,0,0,0,0,0,0,0,0,0,0,0,0,0,0,0,1,0,0,1,0,-0.6202696436174749,-0.5747175615074499,-0.7145646345561852,0,-0.14822827809263683,-1.9528881632799373,0,original
116,0,0,0,0,0,0,0,0,0,0,1,0,0,0,0,0,0,0,0,0,0,0,0,0,0,0,0,0,0,0,0,0,0,0,0,0,0,0,1,0,0,1,0,-0.6202696436174749,-0.4708465893817916,-0.7145646345561852,0,-0.1487806768239449,0.511125010047014,0,original
117,0,1,0,0,0,0,0,0,0,0,0,0,0,0,0,0,0,0,0,0,0,0,0,0,0,0,0,0,0,0,0,0,0,0,0,0,0,0,1,1,0,0,4,0.557495366432092,-0.5747175615074499,-0.24313384752481054,0,-0.1402184964886696,0.5116184966391167,0,original
118,0,0,0,0,0,0,0,0,0,0,0,0,0,0,0,0,0,0,0,0,0,0,1,0,0,0,0,0,0,0,0,0,0,0,0,0,0,0,1,0,0,1,0,-0.6202696436174749,-0.05536270087915802,-0.7145646345561852,0,-0.14881520174465168,0.5298628540645873,0,original
119,0,0,0,0,0,0,0,0,0,0,1,0,0,0,0,0,0,0,0,0,0,0,0,0,0,0,0,0,0,0,0,0,0,0,0,0,0,0,1,0,0,1,0,-0.6202696436174749,2.2297986858853265,-0.7145646345561852,0,-0.14867710206182466,0.5402099280807222,0,original
120,0,0,0,0,1,0,0,0,0,0,0,0,0,0,0,0,0,0,0,0,0,0,0,0,0,0,0,0,0,0,0,0,0,0,0,0,0,0,1,1,0,1,0,-0.4239754752758805,-0.6785885336331083,-0.6202784771499104,0,-0.14884972666535842,0.5300455190004499,0,original
121,0,0,0,0,0,0,0,0,0,0,0,0,0,1,0,0,0,0,0,0,0,0,0,0,0,0,0,0,0,0,0,0,0,0,0,0,0,0,0,1,1,1,0,-0.5221225594466777,-0.7824595057587668,-0.5259923197436354,1,-0.14909140111030572,0.5382851639342225,0,original
122,0,0,0,0,0,0,0,0,0,0,0,0,0,0,0,0,0,0,0,0,1,0,0,0,0,0,0,0,0,0,0,0,0,0,0,0,0,0,1,1,0,0,11,0.4593482822612947,-0.7824595057587668,0.32258309691283915,0,-0.14898782634818544,-1.8856422516316615,1,original
123,0,0,1,0,0,0,0,0,0,0,0,0,0,0,0,0,0,0,0,0,0,0,0,0,0,0,0,0,0,0,0,0,0,0,0,0,0,0,1,1,0,0,17,1.048230787286078,-0.7824595057587668,0.8883000413504888,0,-0.1489533014274787,-1.88564058725867,1,original
124,0,0,0,0,0,0,0,0,0,0,1,0,0,0,0,0,0,0,0,0,0,0,0,0,0,0,0,0,0,0,0,0,0,0,0,0,0,0,1,1,1,1,0,0.16490702974890298,-0.5747175615074499,0.32258309691283915,0,-0.1488842515860652,0.5114506446228821,1,original
125,0,0,0,0,0,0,0,0,0,0,0,0,0,0,0,0,0,0,0,0,0,0,0,0,0,0,0,0,0,0,1,0,0,0,0,0,0,0,1,1,0,0,3,-0.3258283911050832,0.6717341040004506,0.22829693950656418,0,-0.1488842515860652,0.5395213769739672,0,original
126,0,0,0,0,1,0,0,0,0,0,0,0,0,0,0,0,0,0,0,0,0,0,0,0,0,0,0,0,0,0,0,0,0,0,0,0,0,0,1,0,0,1,0,-0.6202696436174749,-0.6785885336331083,-0.7145646345561852,1,-0.14909140111030572,0.5300362817303449,0,original
127,0,0,0,0,0,0,0,0,0,0,0,0,0,1,0,0,0,0,0,0,0,0,0,0,0,0,0,0,0,0,0,0,0,0,0,0,0,0,1,1,1,1,0,-0.22768130693428598,-0.5747175615074499,-0.1488476901185356,0,-0.12758237550999713,0.5113126681018525,0,original
128,0,0,0,0,0,0,0,0,0,0,0,0,0,0,0,0,0,1,0,0,0,0,0,0,0,0,0,0,0,0,0,0,0,0,0,0,0,0,1,1,0,0,2,2.618584134018834,-0.7824595057587668,2.396878559850888,0,-0.14898782634818544,-1.885636010232942,1,original
129,0,0,0,0,0,0,0,0,0,0,1,0,0,0,0,0,0,0,0,0,0,0,0,0,0,0,0,0,0,0,0,0,0,0,0,0,0,0,1,0,0,1,0,-0.6202696436174749,1.1910889646287428,-0.7145646345561852,0,4.628329026607676,0.5241935003422286,0,original
130,0,0,0,0,0,0,0,0,0,0,1,0,0,0,0,0,0,0,0,0,0,0,0,0,0,0,0,0,0,0,0,0,0,0,0,0,0,0,1,1,0,0,14,0.7537895347736864,0.6717341040004506,0.0397246246940143,0,-0.08684296907602577,0.5404084877786577,1,original
131,0,0,0,0,0,0,0,0,0,0,1,0,0,0,0,0,0,0,0,0,0,0,0,0,0,0,0,0,0,0,0,0,0,0,0,0,0,0,1,1,0,1,0,-0.4239754752758805,1.3988309088800595,-0.4317061623373604,0,-0.14698538094719366,0.524515140422916,0,original
132,0,0,0,0,0,0,0,0,0,0,0,0,0,0,0,0,0,0,0,0,0,0,0,0,0,0,0,0,0,0,1,0,0,0,0,0,0,0,1,1,0,0,6,-0.0313871385926915,0.6717341040004506,0.605441569131664,0,-0.14898782634818544,0.5395301981508243,0,original
133,0,0,0,0,1,0,0,0,0,0,0,0,0,0,0,0,0,0,0,0,0,0,0,0,0,0,0,0,0,0,0,0,0,0,0,0,0,0,1,1,0,1,0,-0.5221225594466777,-0.7824595057587668,-0.1488476901185356,1,-0.14909140111030572,0.5300338683895066,0,original
134,0,0,0,0,0,0,0,0,0,0,1,0,0,0,0,0,0,0,0,0,0,0,0,0,0,0,0,0,0,0,0,0,0,0,0,0,0,0,1,1,0,1,0,-0.0313871385926915,-0.7824595057587668,0.13401078210028924,0,-0.14843542761687736,-1.9528769287622416,0,original
135,0,0,0,0,0,0,0,0,0,0,1,0,0,0,0,0,0,0,0,0,0,0,0,0,0,0,0,0,0,0,0,0,0,0,0,0,0,0,1,1,0,1,0,-0.4239754752758805,-0.26310464513047477,-0.4317061623373604,0,-0.14898782634818544,0.5124345387170525,0,original
136,0,0,0,0,1,0,0,0,0,0,0,0,0,0,0,0,0,0,0,0,0,0,0,0,0,0,0,0,0,0,0,0,0,0,0,0,0,0,1,1,0,1,0,-0.4239754752758805,-0.7824595057587668,-0.6202784771499104,0,-0.1486425771411179,0.5300356991997976,0,original
137,0,0,0,0,0,0,0,0,0,0,1,0,0,0,0,0,0,0,0,0,0,0,0,0,0,0,0,0,0,0,0,0,0,0,0,0,0,0,1,0,0,1,0,-0.6202696436174749,-0.4708465893817916,-0.7145646345561852,0,-0.14874615190323817,0.5111362445647095,0,original
138,0,0,0,0,0,0,0,0,0,0,1,0,0,0,0,0,0,0,0,0,0,0,0,0,0,0,0,0,0,0,0,0,0,0,0,0,0,0,1,1,0,1,0,-0.5221225594466777,0.15237924337215875,-0.5259923197436354,0,-0.14660560681941934,0.5116552792822381,0,original
139,0,0,0,0,0,0,0,0,0,0,1,0,0,0,0,0,0,0,0,0,0,0,0,0,0,0,0,0,0,0,0,0,0,0,0,0,0,0,1,1,0,1,0,-0.5221225594466777,-0.6785885336331083,-0.5259923197436354,0,-0.14698538094719366,-1.952890659839425,0,original
140,0,0,0,0,0,0,0,0,0,0,0,0,0,0,0,0,0,0,0,0,0,0,0,0,0,0,0,0,0,1,0,0,0,0,0,0,0,0,1,1,1,1,0,2.422289965677239,-0.7824595057587668,2.208306245038338,0,-0.14898782634818544,-1.88563650954484,1,original
141,0,0,0,0,0,1,0,0,0,0,0,0,0,0,0,0,0,0,0,0,0,0,0,0,0,0,0,0,0,0,0,0,0,0,0,0,0,0,1,1,0,0,3,-0.3258283911050832,-0.7824595057587668,-0.4317061623373604,0,-0.1489533014274787,-1.8856449146284489,0,original
142,0,0,0,0,1,0,0,0,0,0,0,0,0,0,0,0,0,0,0,0,0,0,0,0,0,0,0,0,0,0,0,0,0,0,0,0,0,0,1,0,0,1,0,-0.6202696436174749,-0.5747175615074499,-0.7145646345561852,0,-0.1489533014274787,0.5300412748493206,0,original
143,0,0,0,0,0,0,0,0,0,0,1,0,0,0,0,0,0,0,0,0,0,0,0,0,0,0,0,0,0,0,0,0,0,0,0,0,0,0,1,0,0,1,0,-0.6202696436174749,2.437540630136643,-0.7145646345561852,0,-0.1488842515860652,0.5402408854183718,0,original
144,0,0,0,0,1,0,0,0,0,0,0,0,0,0,0,0,0,0,0,0,0,0,0,0,0,0,0,0,0,0,0,0,0,0,0,0,0,0,1,0,0,1,0,-0.6202696436174749,-0.5747175615074499,-0.7145646345561852,0,-0.14898782634818544,0.5227873548200095,0,original
145,0,0,0,0,0,0,0,0,0,0,1,0,0,0,0,0,0,0,0,0,0,0,0,0,0,0,0,0,0,0,0,0,0,0,0,0,0,0,1,0,0,1,0,-0.6202696436174749,-0.6785885336331083,-0.7145646345561852,1,-0.14909140111030572,-1.950474822441661,0,original
146,0,0,0,0,0,0,0,0,0,0,0,0,0,0,0,1,0,0,0,0,0,0,0,0,0,0,0,0,0,0,0,0,0,0,0,0,0,0,1,1,0,0,21,1.440819123969267,-0.7824595057587668,1.2654446709755887,0,-0.1489533014274787,-1.8856391725416264,1,original
147,0,0,0,0,0,0,0,0,0,0,0,0,0,1,0,0,0,0,0,0,0,0,0,0,0,0,0,0,0,0,0,0,0,0,0,0,0,0,0,1,1,1,0,0.16490702974890298,-0.7824595057587668,0.511155411725389,0,-0.1482628030133436,0.5382978963876107,1,original
148,0,1,0,0,0,0,0,0,0,0,0,0,0,0,0,0,0,0,0,0,0,0,0,0,0,0,0,0,0,0,0,0,0,0,0,0,0,0,1,1,1,1,0,-0.12953422276348875,-0.5747175615074499,-0.05456153271226065,0,-0.14853900237899764,0.5113139996002459,1,original
149,0,0,0,0,0,0,0,0,0,1,0,0,0,0,0,0,0,0,0,0,0,0,0,0,0,0,0,0,0,0,0,0,0,0,0,0,0,0,1,1,0,0,9,3.3056137232144147,-0.7824595057587668,3.0568816616948125,0,-0.14898782634818544,-1.8856340962040012,1,original
150,0,1,0,0,0,0,0,0,0,0,0,0,0,0,0,0,0,0,0,0,0,0,0,0,0,0,0,0,0,0,0,0,0,0,0,0,0,0,1,1,0,0,2,-0.4239754752758805,2.64528257438796,-0.5259923197436354,0,-0.14688180618507338,0.5402557815566494,0,original
151,0,0,0,0,0,0,0,0,0,0,0,0,0,0,0,0,0,0,0,0,0,0,1,0,0,0,0,0,0,0,0,0,0,0,0,0,0,0,1,1,0,1,0,-0.5221225594466777,-0.5747175615074499,-0.5259923197436354,0,-0.14812470333051658,0.5227896849421981,0,original
152,0,0,0,0,1,0,0,0,0,0,0,0,0,0,0,0,0,0,0,0,0,0,0,0,0,0,0,0,0,0,0,0,0,0,0,0,0,0,1,1,0,1,0,-0.4239754752758805,-0.7824595057587668,-0.6202784771499104,0,-0.1486425771411179,0.5300348670133017,0,original
153,0,0,0,0,0,0,0,0,0,0,1,0,0,0,0,0,0,0,0,0,0,0,0,0,0,0,0,0,0,0,0,0,0,0,0,0,0,0,1,0,0,1,0,-0.6202696436174749,-0.36697561725613315,-0.7145646345561852,0,-0.1435328888765181,0.511138408249599,0,original
154,0,0,0,0,0,0,0,0,0,0,0,0,0,0,0,0,0,0,0,0,0,0,0,0,0,0,0,0,0,1,0,0,0,0,0,0,0,0,1,1,0,0,10,3.403760807385212,-0.7824595057587668,3.1511678191010875,0,-0.14898782634818544,-1.8856338465480529,1,original
155,0,0,0,0,0,0,0,0,0,0,0,0,0,1,0,0,0,0,0,0,0,0,0,0,0,0,0,0,0,0,0,0,0,0,0,0,0,0,0,1,1,1,0,-0.3258283911050832,-0.7824595057587668,-0.3374200049310855,0,-0.14853900237899764,0.538287327619112,0,original
156,0,0,0,0,1,0,0,0,0,0,0,0,0,0,0,0,0,0,0,0,0,0,0,0,0,0,0,0,0,0,0,0,0,0,0,0,0,0,1,1,0,1,0,-0.4239754752758805,-0.7824595057587668,0.32258309691283915,0,-0.14881520174465168,0.5300345341387034,1,original
157,0,0,0,0,0,0,0,0,0,0,1,0,0,0,0,0,0,0,0,0,0,0,0,0,0,0,0,0,0,0,0,0,0,0,0,0,0,0,1,1,0,1,0,-0.4239754752758805,-0.6785885336331083,-0.4317061623373604,0,-0.14891877650677193,-1.9528902437461773,0,original
158,0,0,0,0,0,0,0,0,0,0,0,0,0,1,0,0,0,0,0,0,0,0,0,0,0,0,0,0,0,0,0,0,0,0,0,0,0,0,1,1,1,1,0,0.06675994557810574,-0.5747175615074499,0.22829693950656418,0,-0.13925179870888044,0.5114501453109846,1,original
159,0,0,0,0,0,0,0,0,0,0,1,0,0,0,0,0,0,0,0,0,0,0,0,0,0,0,0,0,0,0,0,0,0,0,0,0,0,0,1,1,0,1,0,-0.3258283911050832,1.3988309088800595,-0.1488476901185356,0,-0.14884972666535842,0.5245157229534633,0,original
160,0,1,0,0,0,0,0,0,0,0,0,0,0,0,0,0,0,0,0,0,0,0,0,0,0,0,0,0,0,0,0,0,0,0,0,0,0,0,1,1,0,0,1,-0.5221225594466777,2.64528257438796,-0.6202784771499104,0,-0.1487806768239449,0.5402504555630754,0,original
161,0,0,0,0,0,0,0,0,0,0,1,0,0,0,0,0,0,0,0,0,0,0,0,0,0,0,0,0,0,0,0,0,0,0,0,0,0,0,1,0,0,1,0,-0.6202696436174749,-0.6785885336331083,-0.7145646345561852,1,-0.14909140111030572,0.5111287548862459,0,original
162,0,0,0,0,0,0,0,0,0,0,1,0,0,0,0,0,0,0,0,0,0,0,0,0,0,0,0,0,0,0,0,0,0,0,0,0,0,0,1,0,0,1,0,-0.6202696436174749,1.2949599367544011,-0.7145646345561852,0,-0.14436148697348022,0.5242049012972232,0,original
163,0,0,0,0,0,0,0,0,0,0,1,0,0,0,0,0,0,0,0,0,0,0,0,0,0,0,0,0,0,0,0,0,0,0,0,0,0,0,1,1,0,1,0,-0.4239754752758805,0.6717341040004506,-0.4317061623373604,0,-0.1487806768239449,0.5126148735307264,0,original
164,0,0,0,0,0,0,0,0,0,0,1,0,0,0,0,0,0,0,0,0,0,0,0,0,0,0,0,0,0,0,0,0,0,0,0,0,0,0,1,1,0,1,0,-0.5221225594466777,2.541411602262302,-0.5259923197436354,0,-0.14853900237899764,0.5402429658846117,0,original
165,0,0,0,0,1,0,0,0,0,0,0,0,0,0,0,0,0,0,0,0,0,0,0,0,0,0,0,0,0,0,0,0,0,0,0,0,0,0,1,1,0,1,0,-0.3258283911050832,-0.6785885336331083,-0.5259923197436354,0,-0.1489533014274787,0.5300458518750484,0,original
166,0,0,0,0,0,0,0,0,0,0,1,0,0,0,0,0,0,0,0,0,0,0,0,0,0,0,0,0,0,0,0,0,0,0,0,0,0,0,1,1,0,1,0,-0.3258283911050832,2.541411602262302,-0.24313384752481054,0,-0.14815922825122332,0.5402479590035875,0,original
167,0,0,0,0,1,0,0,0,0,0,0,0,0,0,0,0,0,0,0,0,0,0,0,0,0,0,0,0,0,0,0,0,0,0,0,0,0,0,1,0,0,1,0,-0.6202696436174749,-0.5747175615074499,-0.7145646345561852,0,-0.14519008507044237,0.5300450196885524,0,original
168,0,0,0,0,0,0,0,0,0,0,0,0,0,0,0,0,0,0,0,0,0,0,0,0,0,0,0,0,0,0,1,0,0,0,0,0,0,0,1,0,0,1,0,-0.6202696436174749,1.5027018810057178,-0.7145646345561852,0,-0.14884972666535842,0.5245552518120212,0,original
169,0,0,0,0,0,0,0,0,0,0,1,0,0,0,0,0,0,0,0,0,0,0,0,0,0,0,0,0,0,0,0,0,0,0,0,0,0,0,1,1,0,1,0,-0.22768130693428598,0.15237924337215875,-0.05456153271226065,0,-0.14836637777546385,0.5116876513369308,0,original
170,0,0,0,0,0,0,0,0,0,0,1,0,0,0,0,0,0,0,0,0,0,0,0,0,0,0,0,0,0,0,0,0,0,0,0,0,0,0,1,0,0,1,0,-0.6202696436174749,0.15237924337215875,-0.7145646345561852,0,-0.14867710206182466,0.5126073006336133,0,original
171,0,0,0,0,0,0,0,0,0,0,1,0,0,0,0,0,0,0,0,0,0,0,0,0,0,0,0,0,0,0,0,0,0,0,0,0,0,0,1,0,0,1,0,-0.6202696436174749,-0.6785885336331083,-0.7145646345561852,1,-0.14909140111030572,0.5112257046130249,0,original
172,0,0,0,0,0,0,0,0,0,0,0,0,0,0,0,0,0,0,0,0,0,0,1,0,0,0,0,0,0,0,0,0,0,0,0,0,0,0,1,1,0,1,0,-0.5221225594466777,-0.7824595057587668,-0.5259923197436354,1,-0.14909140111030572,0.5227097118199366,0,original
173,0,0,0,0,0,0,0,0,0,0,0,0,0,0,0,0,1,0,0,0,0,0,0,0,0,0,0,0,0,0,0,0,0,0,0,0,0,0,1,1,0,0,1,-0.5221225594466777,-0.7824595057587668,-0.6202784771499104,1,-0.14909140111030572,-1.885645497158996,0,original
174,0,0,0,0,0,0,0,0,0,0,0,0,0,0,0,0,0,0,0,0,0,1,0,0,0,0,0,0,0,0,0,0,0,0,0,0,0,0,1,1,0,0,9,0.26305411391970024,-0.7824595057587668,0.13401078210028924,0,-0.14898782634818544,-1.8856427509435596,1,original
175,0,0,0,0,0,0,0,0,0,0,1,0,0,0,0,0,0,0,0,0,0,0,0,0,0,0,0,0,0,0,0,0,0,0,0,0,0,0,1,0,0,1,0,-0.6202696436174749,0.15237924337215875,-0.7145646345561852,0,-0.14494841062549507,0.5116492875394671,0,original
176,0,0,0,0,0,0,0,0,0,0,0,0,0,0,0,0,0,0,0,0,0,0,0,0,0,0,1,0,0,0,0,0,0,0,0,0,0,0,1,1,0,0,7,3.1093195548728203,-0.7824595057587668,2.868309346882263,0,-0.14898782634818544,-1.8856346787345488,1,original
177,0,0,0,0,0,0,0,0,0,0,1,0,0,0,0,0,0,0,0,0,0,0,0,0,0,0,0,0,0,0,0,0,0,0,0,0,0,0,1,0,0,1,0,-0.6202696436174749,-0.5747175615074499,-0.7145646345561852,0,-0.13686957918011433,0.5112551640149818,0,original
178,0,0,0,0,0,0,0,0,0,0,1,0,0,0,0,0,0,0,0,0,0,0,0,0,0,0,0,0,0,0,0,0,0,0,0,0,0,0,1,1,0,1,0,-0.5221225594466777,1.3988309088800595,-0.5259923197436354,0,-0.028012504191714617,0.5245100640852907,0,original
179,0,1,0,0,0,0,0,0,0,0,0,0,0,0,0,0,0,0,0,0,0,0,0,0,0,0,0,0,0,0,0,0,0,0,0,0,0,0,1,1,0,0,2,-0.0313871385926915,1.3988309088800595,0.6997277265379389,0,-0.1487116269825314,0.524546430635164,0,original
180,0,0,0,0,0,0,0,0,0,0,1,0,0,0,0,0,0,0,0,0,0,0,0,0,0,0,0,0,0,0,0,0,0,0,0,0,0,0,1,1,1,1,0,0.06675994557810574,-0.7824595057587668,1.1711585135693137,0,-0.1488842515860652,0.5245530049084821,1,original
181,0,0,0,0,0,0,0,0,0,0,0,0,0,1,0,0,0,0,0,0,0,0,0,0,0,0,0,0,0,0,0,0,0,0,0,0,0,0,1,1,0,0,3,0.06675994557810574,1.3988309088800595,0.7940138839442139,0,-0.14836637777546385,0.5245481782268056,0,original
182,0,0,0,0,0,0,0,0,0,0,1,0,0,0,0,0,0,0,0,0,0,0,0,0,0,0,0,0,0,0,0,0,0,0,0,0,0,0,1,0,0,1,0,-0.6202696436174749,2.333669658010985,-0.7145646345561852,0,-0.13976967251948177,0.5402403861064743,0,original
183,0,0,0,0,1,0,0,0,0,0,0,0,0,0,0,0,0,0,0,0,0,0,0,0,0,0,0,0,0,0,0,0,0,0,0,0,0,0,1,1,0,1,0,-0.5221225594466777,-0.7824595057587668,0.0397246246940143,1,-0.14909140111030572,0.5300343677014041,0,original
184,0,0,0,0,0,0,0,0,0,0,1,0,0,0,0,0,0,0,0,0,0,0,0,0,0,0,0,0,0,0,0,0,0,0,0,0,0,0,1,1,1,1,0,1.048230787286078,-0.5747175615074499,-0.24313384752481054,0,-0.14829732793405034,0.5122674356686643,0,original
185,0,0,0,0,0,0,0,0,0,0,1,0,0,0,0,0,0,0,0,0,0,0,0,0,0,0,0,0,0,0,0,0,0,0,0,0,0,0,1,1,0,1,0,0.06675994557810574,1.2949599367544011,0.32258309691283915,0,-0.1483318528547571,0.5242163854708674,0,original
186,0,0,0,0,1,0,0,0,0,0,0,0,0,0,0,0,0,0,0,0,0,0,0,0,0,0,0,0,0,0,0,0,0,0,0,0,0,0,1,1,0,1,0,-0.4239754752758805,-0.7824595057587668,-0.5259923197436354,0,-0.14874615190323817,0.5300351998879002,0,original
187,0,0,0,0,1,0,0,0,0,0,0,0,0,0,0,0,0,0,0,0,0,0,0,0,0,0,0,0,0,0,0,0,0,0,0,0,0,0,1,0,0,1,0,-0.6202696436174749,-0.6785885336331083,-0.7145646345561852,0,-0.14867710206182466,0.5300346173573529,0,original
188,0,0,0,0,0,0,0,0,0,0,1,0,0,0,0,0,0,0,0,0,0,0,0,0,0,0,0,0,0,0,0,0,0,0,0,0,0,0,1,0,0,1,0,-0.6202696436174749,-0.26310464513047477,-0.7145646345561852,0,-0.1197106935888569,0.5124335400932574,0,original
189,0,0,0,0,0,0,0,0,0,0,0,0,0,0,0,0,0,0,0,0,0,0,1,0,0,0,0,0,0,0,0,0,0,0,0,0,0,0,1,1,0,1,0,-0.5221225594466777,-0.1592336730048164,-0.5259923197436354,0,1.7183615599180924,0.5298621883153906,0,original
190,0,0,0,0,1,0,0,0,0,0,0,0,0,0,0,0,0,0,0,0,0,0,0,0,0,0,0,0,0,0,0,0,0,0,0,0,0,0,1,1,0,1,0,-0.4239754752758805,-0.7824595057587668,-0.6202784771499104,0,-0.14867710206182466,0.5300413580679701,0,original
191,0,0,0,0,1,0,0,0,0,0,0,0,0,0,0,0,0,0,0,0,0,0,0,0,0,0,0,0,0,0,0,0,0,0,0,0,0,0,1,0,0,1,0,-0.6202696436174749,-0.6785885336331083,-0.7145646345561852,0,-0.1486425771411179,0.5300356159811481,0,original
192,0,0,0,0,0,0,0,0,0,0,1,0,0,0,0,0,0,0,0,0,0,0,0,0,0,0,0,0,0,0,0,0,0,0,0,0,0,0,1,1,1,1,0,-0.3258283911050832,-0.5747175615074499,-0.3374200049310855,0,-0.14905687618959898,0.5111242610791678,0,original
193,0,0,0,0,0,0,0,0,0,0,1,0,0,0,0,0,0,0,0,0,0,0,0,0,0,0,0,0,0,0,0,0,0,0,0,0,0,0,1,0,0,1,0,-0.6202696436174749,-0.36697561725613315,-0.7145646345561852,0,-0.1481937531719301,0.5123627210224514,0,original
194,0,0,0,0,0,0,0,0,0,0,0,0,0,0,0,0,0,0,0,0,0,0,1,0,0,0,0,0,0,0,0,0,0,0,0,0,0,0,1,0,0,1,0,-0.6202696436174749,0.15237924337215875,-0.7145646345561852,0,-0.1487806768239449,0.5382417237991336,0,original
195,0,1,0,0,0,0,0,0,0,0,0,0,0,0,0,0,0,0,0,0,0,0,0,0,0,0,0,0,0,0,0,0,0,0,0,0,0,0,1,0,0,1,0,-0.6202696436174749,2.64528257438796,-0.7145646345561852,0,-0.14881520174465168,0.540249706595229,0,original
196,0,0,0,0,0,0,0,0,0,0,1,0,0,0,0,0,0,0,0,0,0,0,0,0,0,0,0,0,0,0,0,0,0,0,0,0,0,0,1,0,0,1,0,-0.6202696436174749,0.46399215974913394,-0.7145646345561852,0,-0.1479520787269828,0.5117900934945832,0,original
